network,edge_id,h3_cell,h3_resolution,edge_length_m_projected,edge_length_m_sumo,buffer_m,sample_step_m,ring_k,lane_count,speed_mps,edge_type,edge_function,net_file,visit_count,first_time,last_time,agent_count,experiment_count
ingolstadt_custom2,-128361102#1,8a1f8d98a00ffff,10,274.684,274.68,20.0,25.03504839,0,2,13.89,highway.secondary,,networks/COeXISTENCE-PROJECT URB main networks/ingolstadt_custom2/ingolstadt_custom2.net.xml,2,6,34,2,1
ingolstadt_custom2,-128361102#1,8a1f8d98a057fff,10,274.684,274.68,20.0,25.03504839,0,2,13.89,highway.secondary,,networks/COeXISTENCE-PROJECT URB main networks/ingolstadt_custom2/ingolstadt_custom2.net.xml,2,6,34,2,1
ingolstadt_custom2,-128361102#1,8a1f8d98a0effff,10,274.684,274.68,20.0,25.03504839,0,2,13.89,highway.secondary,,networks/COeXISTENCE-PROJECT URB main networks/ingolstadt_custom2/ingolstadt_custom2.net.xml,2,6,34,2,1
ingolstadt_custom2,-129379920#0,8a1f8d98b9a7fff,10,3.165,3.17,20.0,25.03504839,0,4,13.89,highway.tertiary,,networks/COeXISTENCE-PROJECT URB main networks/ingolstadt_custom2/ingolstadt_custom2.net.xml,1,83,83,1,1
ingolstadt_custom2,-129379920#1,8a1f8d98b9a7fff,10,16.13,16.13,20.0,25.03504839,0,4,13.89,highway.tertiary,,networks/COeXISTENCE-PROJECT URB main networks/ingolstadt_custom2/ingolstadt_custom2.net.xml,1,83,83,1,1
ingolstadt_custom2,-129379921#0,8a1f8d98864ffff,10,18.152,18.15,20.0,25.03504839,0,4,13.89,highway.tertiary,,networks/COeXISTENCE-PROJECT URB main networks/ingolstadt_custom2/ingolstadt_custom2.net.xml,1,83,83,1,1
ingolstadt_custom2,-129379921#1,8a1f8d98864ffff,10,79.915,79.92,20.0,25.03504839,0,4,13.89,highway.tertiary,,networks/COeXISTENCE-PROJECT URB main networks/ingolstadt_custom2/ingolstadt_custom2.net.xml,1,83,83,1,1
ingolstadt_custom2,-129379921#1,8a1f8d98b9a7fff,10,79.915,79.92,20.0,25.03504839,0,4,13.89,highway.tertiary,,networks/COeXISTENCE-PROJECT URB main networks/ingolstadt_custom2/ingolstadt_custom2.net.xml,1,83,83,1,1
ingolstadt_custom2,-129379922,8a1f8d98b987fff,10,37.321,37.33,20.0,25.03504839,0,3,13.89,highway.tertiary,,networks/COeXISTENCE-PROJECT URB main networks/ingolstadt_custom2/ingolstadt_custom2.net.xml,1,83,83,1,1
ingolstadt_custom2,-129379922,8a1f8d98b98ffff,10,37.321,37.33,20.0,25.03504839,0,3,13.89,highway.tertiary,,networks/COeXISTENCE-PROJECT URB main networks/ingolstadt_custom2/ingolstadt_custom2.net.xml,1,83,83,1,1
ingolstadt_custom2,-136728347#4,8a1f8d98a21ffff,10,265.626,265.62,20.0,25.03504839,0,2,13.89,highway.secondary,,networks/COeXISTENCE-PROJECT URB main networks/ingolstadt_custom2/ingolstadt_custom2.net.xml,3,6,57,3,1
ingolstadt_custom2,-136728347#4,8a1f8d98a2affff,10,265.626,265.62,20.0,25.03504839,0,2,13.89,highway.secondary,,networks/COeXISTENCE-PROJECT URB main networks/ingolstadt_custom2/ingolstadt_custom2.net.xml,3,6,57,3,1
ingolstadt_custom2,-136728347#4,8a1f8d98a2e7fff,10,265.626,265.62,20.0,25.03504839,0,2,13.89,highway.secondary,,networks/COeXISTENCE-PROJECT URB main networks/ingolstadt_custom2/ingolstadt_custom2.net.xml,3,6,57,3,1
ingolstadt_custom2,-136728347#4,8a1f8d98a2effff,10,265.626,265.62,20.0,25.03504839,0,2,13.89,highway.secondary,,networks/COeXISTENCE-PROJECT URB main networks/ingolstadt_custom2/ingolstadt_custom2.net.xml,3,6,57,3,1
ingolstadt_custom2,-164051413,8a1f8d98b4affff,10,8.93,8.93,20.0,25.03504839,0,2,13.89,highway.tertiary,,networks/COeXISTENCE-PROJECT URB main networks/ingolstadt_custom2/ingolstadt_custom2.net.xml,2,6,34,2,1
ingolstadt_custom2,-170018165#0,8a1f8d98aa87fff,10,9.75,9.75,20.0,25.03504839,0,3,16.67,highway.secondary,,networks/COeXISTENCE-PROJECT URB main networks/ingolstadt_custom2/ingolstadt_custom2.net.xml,9,13,82,9,1
ingolstadt_custom2,-170018165#1,8a1f8d98aaaffff,10,7.114,7.11,20.0,25.03504839,0,4,16.67,highway.secondary,,networks/COeXISTENCE-PROJECT URB main networks/ingolstadt_custom2/ingolstadt_custom2.net.xml,10,13,82,10,1
ingolstadt_custom2,-170018165#2.164,8a1f8d98aaa7fff,10,38.746,38.75,20.0,25.03504839,0,3,16.67,highway.secondary,,networks/COeXISTENCE-PROJECT URB main networks/ingolstadt_custom2/ingolstadt_custom2.net.xml,10,13,82,10,1
ingolstadt_custom2,-170018165#2.164,8a1f8d98aaaffff,10,38.746,38.75,20.0,25.03504839,0,3,16.67,highway.secondary,,networks/COeXISTENCE-PROJECT URB main networks/ingolstadt_custom2/ingolstadt_custom2.net.xml,10,13,82,10,1
ingolstadt_custom2,-170018165#2.210,8a1f8d98aaaffff,10,56.977,56.98,20.0,25.03504839,0,4,16.67,highway.secondary,,networks/COeXISTENCE-PROJECT URB main networks/ingolstadt_custom2/ingolstadt_custom2.net.xml,10,13,82,10,1
ingolstadt_custom2,-170018165#3,8a1f8d98aa17fff,10,184.742,184.74,20.0,25.03504839,0,2,16.67,highway.secondary,,networks/COeXISTENCE-PROJECT URB main networks/ingolstadt_custom2/ingolstadt_custom2.net.xml,10,13,82,10,1
ingolstadt_custom2,-170018165#3,8a1f8d98aaa7fff,10,184.742,184.74,20.0,25.03504839,0,2,16.67,highway.secondary,,networks/COeXISTENCE-PROJECT URB main networks/ingolstadt_custom2/ingolstadt_custom2.net.xml,10,13,82,10,1
ingolstadt_custom2,-170018165#3,8a1f8d98ab8ffff,10,184.742,184.74,20.0,25.03504839,0,2,16.67,highway.secondary,,networks/COeXISTENCE-PROJECT URB main networks/ingolstadt_custom2/ingolstadt_custom2.net.xml,10,13,82,10,1
ingolstadt_custom2,-170018165#3,8a1f8d98abaffff,10,184.742,184.74,20.0,25.03504839,0,2,16.67,highway.secondary,,networks/COeXISTENCE-PROJECT URB main networks/ingolstadt_custom2/ingolstadt_custom2.net.xml,10,13,82,10,1
ingolstadt_custom2,-174800513,8a1f8d98bc1ffff,10,12.096,12.1,20.0,25.03504839,0,3,13.89,highway.tertiary,,networks/COeXISTENCE-PROJECT URB main networks/ingolstadt_custom2/ingolstadt_custom2.net.xml,1,6,6,1,1
ingolstadt_custom2,-18809672#1,8a1f8d98a3b7fff,10,11.332,11.33,20.0,25.03504839,0,2,8.33,highway.unclassified,,networks/COeXISTENCE-PROJECT URB main networks/ingolstadt_custom2/ingolstadt_custom2.net.xml,2,6,34,2,1
ingolstadt_custom2,-201201945#0,8a1f8d98bc07fff,10,78.046,78.04,20.0,25.03504839,0,2,13.89,highway.tertiary,,networks/COeXISTENCE-PROJECT URB main networks/ingolstadt_custom2/ingolstadt_custom2.net.xml,1,6,6,1,1
ingolstadt_custom2,-201201945#0,8a1f8d98bc37fff,10,78.046,78.04,20.0,25.03504839,0,2,13.89,highway.tertiary,,networks/COeXISTENCE-PROJECT URB main networks/ingolstadt_custom2/ingolstadt_custom2.net.xml,1,6,6,1,1
ingolstadt_custom2,-201201945#0.78,8a1f8d98bc07fff,10,53.36,53.62,20.0,25.03504839,0,3,13.89,highway.tertiary,,networks/COeXISTENCE-PROJECT URB main networks/ingolstadt_custom2/ingolstadt_custom2.net.xml,1,6,6,1,1
ingolstadt_custom2,-201201945#1,8a1f8d98bc37fff,10,11.369,11.37,20.0,25.03504839,0,2,13.89,highway.tertiary,,networks/COeXISTENCE-PROJECT URB main networks/ingolstadt_custom2/ingolstadt_custom2.net.xml,1,6,6,1,1
ingolstadt_custom2,-201238718#0,8a1f8d98bc1ffff,10,191.4,191.4,20.0,25.03504839,0,2,13.89,highway.tertiary,,networks/COeXISTENCE-PROJECT URB main networks/ingolstadt_custom2/ingolstadt_custom2.net.xml,2,32,82,2,1
ingolstadt_custom2,-201238718#0,8a1f8d98bcd7fff,10,191.4,191.4,20.0,25.03504839,0,2,13.89,highway.tertiary,,networks/COeXISTENCE-PROJECT URB main networks/ingolstadt_custom2/ingolstadt_custom2.net.xml,2,32,82,2,1
ingolstadt_custom2,-201238718#0,8a1f8d98bcf7fff,10,191.4,191.4,20.0,25.03504839,0,2,13.89,highway.tertiary,,networks/COeXISTENCE-PROJECT URB main networks/ingolstadt_custom2/ingolstadt_custom2.net.xml,2,32,82,2,1
ingolstadt_custom2,-201238718#1,8a1f8d98bc1ffff,10,43.926,43.93,20.0,25.03504839,0,2,13.89,highway.tertiary,,networks/COeXISTENCE-PROJECT URB main networks/ingolstadt_custom2/ingolstadt_custom2.net.xml,3,6,82,3,1
ingolstadt_custom2,-201238724,8a1f8d98bc1ffff,10,217.345,217.34,20.0,25.03504839,0,2,13.89,highway.residential,,networks/COeXISTENCE-PROJECT URB main networks/ingolstadt_custom2/ingolstadt_custom2.net.xml,1,6,6,1,1
ingolstadt_custom2,-201238724,8a1f8d98bc8ffff,10,217.345,217.34,20.0,25.03504839,0,2,13.89,highway.residential,,networks/COeXISTENCE-PROJECT URB main networks/ingolstadt_custom2/ingolstadt_custom2.net.xml,1,6,6,1,1
ingolstadt_custom2,-201238724,8a1f8d98bcaffff,10,217.345,217.34,20.0,25.03504839,0,2,13.89,highway.residential,,networks/COeXISTENCE-PROJECT URB main networks/ingolstadt_custom2/ingolstadt_custom2.net.xml,1,6,6,1,1
ingolstadt_custom2,-201950250#2,8a1f8d98bd47fff,10,70.979,70.98,20.0,25.03504839,0,2,8.33,highway.residential,,networks/COeXISTENCE-PROJECT URB main networks/ingolstadt_custom2/ingolstadt_custom2.net.xml,1,73,73,1,1
ingolstadt_custom2,-201950250#2,8a1f8d98bd6ffff,10,70.979,70.98,20.0,25.03504839,0,2,8.33,highway.residential,,networks/COeXISTENCE-PROJECT URB main networks/ingolstadt_custom2/ingolstadt_custom2.net.xml,1,73,73,1,1
ingolstadt_custom2,-201950259#3,8a1f8d98bd07fff,10,142.958,142.96,20.0,25.03504839,0,2,13.89,highway.residential,,networks/COeXISTENCE-PROJECT URB main networks/ingolstadt_custom2/ingolstadt_custom2.net.xml,1,6,6,1,1
ingolstadt_custom2,-201950259#3,8a1f8d98bd27fff,10,142.958,142.96,20.0,25.03504839,0,2,13.89,highway.residential,,networks/COeXISTENCE-PROJECT URB main networks/ingolstadt_custom2/ingolstadt_custom2.net.xml,1,6,6,1,1
ingolstadt_custom2,-201950259#6,8a1f8d988687fff,10,112.933,112.93,20.0,25.03504839,0,2,13.89,highway.residential,,networks/COeXISTENCE-PROJECT URB main networks/ingolstadt_custom2/ingolstadt_custom2.net.xml,1,6,6,1,1
ingolstadt_custom2,-201950259#6,8a1f8d98868ffff,10,112.933,112.93,20.0,25.03504839,0,2,13.89,highway.residential,,networks/COeXISTENCE-PROJECT URB main networks/ingolstadt_custom2/ingolstadt_custom2.net.xml,1,6,6,1,1
ingolstadt_custom2,-201950259#6,8a1f8d98bd27fff,10,112.933,112.93,20.0,25.03504839,0,2,13.89,highway.residential,,networks/COeXISTENCE-PROJECT URB main networks/ingolstadt_custom2/ingolstadt_custom2.net.xml,1,6,6,1,1
ingolstadt_custom2,-201950263#10,8a1f8d98864ffff,10,271.653,271.66,20.0,25.03504839,0,2,13.89,highway.unclassified,,networks/COeXISTENCE-PROJECT URB main networks/ingolstadt_custom2/ingolstadt_custom2.net.xml,2,6,83,2,1
ingolstadt_custom2,-201950263#10,8a1f8d988657fff,10,271.653,271.66,20.0,25.03504839,0,2,13.89,highway.unclassified,,networks/COeXISTENCE-PROJECT URB main networks/ingolstadt_custom2/ingolstadt_custom2.net.xml,2,6,83,2,1
ingolstadt_custom2,-201950263#10,8a1f8d98865ffff,10,271.653,271.66,20.0,25.03504839,0,2,13.89,highway.unclassified,,networks/COeXISTENCE-PROJECT URB main networks/ingolstadt_custom2/ingolstadt_custom2.net.xml,2,6,83,2,1
ingolstadt_custom2,-201950263#10,8a1f8d9886e7fff,10,271.653,271.66,20.0,25.03504839,0,2,13.89,highway.unclassified,,networks/COeXISTENCE-PROJECT URB main networks/ingolstadt_custom2/ingolstadt_custom2.net.xml,2,6,83,2,1
ingolstadt_custom2,-201950263#6,8a1f8d988687fff,10,308.67,308.67,20.0,25.03504839,0,2,13.89,highway.unclassified,,networks/COeXISTENCE-PROJECT URB main networks/ingolstadt_custom2/ingolstadt_custom2.net.xml,2,6,83,2,1
ingolstadt_custom2,-201950263#6,8a1f8d98868ffff,10,308.67,308.67,20.0,25.03504839,0,2,13.89,highway.unclassified,,networks/COeXISTENCE-PROJECT URB main networks/ingolstadt_custom2/ingolstadt_custom2.net.xml,2,6,83,2,1
ingolstadt_custom2,-201950263#6,8a1f8d9886e7fff,10,308.67,308.67,20.0,25.03504839,0,2,13.89,highway.unclassified,,networks/COeXISTENCE-PROJECT URB main networks/ingolstadt_custom2/ingolstadt_custom2.net.xml,2,6,83,2,1
ingolstadt_custom2,-201950263#6,8a1f8d9886f7fff,10,308.67,308.67,20.0,25.03504839,0,2,13.89,highway.unclassified,,networks/COeXISTENCE-PROJECT URB main networks/ingolstadt_custom2/ingolstadt_custom2.net.xml,2,6,83,2,1
ingolstadt_custom2,-201963533#4,8a1f8d98a217fff,10,45.421,45.42,20.0,25.03504839,0,3,13.89,highway.secondary,,networks/COeXISTENCE-PROJECT URB main networks/ingolstadt_custom2/ingolstadt_custom2.net.xml,1,57,57,1,1
ingolstadt_custom2,-201963533#5,8a1f8d98a217fff,10,66.448,66.44,20.0,25.03504839,0,2,13.89,highway.secondary,,networks/COeXISTENCE-PROJECT URB main networks/ingolstadt_custom2/ingolstadt_custom2.net.xml,1,57,57,1,1
ingolstadt_custom2,-201963533#5,8a1f8d98a2affff,10,66.448,66.44,20.0,25.03504839,0,2,13.89,highway.secondary,,networks/COeXISTENCE-PROJECT URB main networks/ingolstadt_custom2/ingolstadt_custom2.net.xml,1,57,57,1,1
ingolstadt_custom2,-224892361#1,8a1f8d98aa2ffff,10,42.641,42.65,20.0,25.03504839,0,3,22.22,highway.tertiary,,networks/COeXISTENCE-PROJECT URB main networks/ingolstadt_custom2/ingolstadt_custom2.net.xml,1,61,61,1,1
ingolstadt_custom2,-224892361#2,8a1f8d98aa0ffff,10,51.713,51.71,20.0,25.03504839,0,2,22.22,highway.tertiary,,networks/COeXISTENCE-PROJECT URB main networks/ingolstadt_custom2/ingolstadt_custom2.net.xml,1,61,61,1,1
ingolstadt_custom2,-224892361#2,8a1f8d98aa2ffff,10,51.713,51.71,20.0,25.03504839,0,2,22.22,highway.tertiary,,networks/COeXISTENCE-PROJECT URB main networks/ingolstadt_custom2/ingolstadt_custom2.net.xml,1,61,61,1,1
ingolstadt_custom2,-224892361#6,8a1f8d98aa0ffff,10,227.071,227.07,20.0,25.03504839,0,2,22.22,highway.tertiary,,networks/COeXISTENCE-PROJECT URB main networks/ingolstadt_custom2/ingolstadt_custom2.net.xml,2,16,61,2,1
ingolstadt_custom2,-224892361#6,8a1f8d98aa1ffff,10,227.071,227.07,20.0,25.03504839,0,2,22.22,highway.tertiary,,networks/COeXISTENCE-PROJECT URB main networks/ingolstadt_custom2/ingolstadt_custom2.net.xml,2,16,61,2,1
ingolstadt_custom2,-224892361#6,8a1f8d98aaf7fff,10,227.071,227.07,20.0,25.03504839,0,2,22.22,highway.tertiary,,networks/COeXISTENCE-PROJECT URB main networks/ingolstadt_custom2/ingolstadt_custom2.net.xml,2,16,61,2,1
ingolstadt_custom2,-224892361#8,8a1f8d98aaaffff,10,126.132,126.13,20.0,25.03504839,0,2,22.22,highway.tertiary,,networks/COeXISTENCE-PROJECT URB main networks/ingolstadt_custom2/ingolstadt_custom2.net.xml,2,16,61,2,1
ingolstadt_custom2,-224892361#8,8a1f8d98aaf7fff,10,126.132,126.13,20.0,25.03504839,0,2,22.22,highway.tertiary,,networks/COeXISTENCE-PROJECT URB main networks/ingolstadt_custom2/ingolstadt_custom2.net.xml,2,16,61,2,1
ingolstadt_custom2,-22690205#1,8a1f8d98a24ffff,10,106.625,106.63,20.0,25.03504839,0,2,8.33,highway.residential,,networks/COeXISTENCE-PROJECT URB main networks/ingolstadt_custom2/ingolstadt_custom2.net.xml,1,6,6,1,1
ingolstadt_custom2,-22690205#1,8a1f8d98b5a7fff,10,106.625,106.63,20.0,25.03504839,0,2,8.33,highway.residential,,networks/COeXISTENCE-PROJECT URB main networks/ingolstadt_custom2/ingolstadt_custom2.net.xml,1,6,6,1,1
ingolstadt_custom2,-22716069#1,8a1f8d98b587fff,10,75.912,75.91,20.0,25.03504839,0,2,13.89,highway.residential,,networks/COeXISTENCE-PROJECT URB main networks/ingolstadt_custom2/ingolstadt_custom2.net.xml,2,6,34,2,1
ingolstadt_custom2,-22716069#1,8a1f8d98b597fff,10,75.912,75.91,20.0,25.03504839,0,2,13.89,highway.residential,,networks/COeXISTENCE-PROJECT URB main networks/ingolstadt_custom2/ingolstadt_custom2.net.xml,2,6,34,2,1
ingolstadt_custom2,-22716069#2,8a1f8d8a496ffff,10,104.288,104.29,20.0,25.03504839,0,2,13.89,highway.residential,,networks/COeXISTENCE-PROJECT URB main networks/ingolstadt_custom2/ingolstadt_custom2.net.xml,2,6,34,2,1
ingolstadt_custom2,-22716069#2,8a1f8d98b597fff,10,104.288,104.29,20.0,25.03504839,0,2,13.89,highway.residential,,networks/COeXISTENCE-PROJECT URB main networks/ingolstadt_custom2/ingolstadt_custom2.net.xml,2,6,34,2,1
ingolstadt_custom2,-22716069#2,8a1f8d98b59ffff,10,104.288,104.29,20.0,25.03504839,0,2,13.89,highway.residential,,networks/COeXISTENCE-PROJECT URB main networks/ingolstadt_custom2/ingolstadt_custom2.net.xml,2,6,34,2,1
ingolstadt_custom2,-22716072#3,8a1f8d98a217fff,10,336.311,336.31,20.0,25.03504839,0,2,8.33,highway.residential,,networks/COeXISTENCE-PROJECT URB main networks/ingolstadt_custom2/ingolstadt_custom2.net.xml,2,6,34,2,1
ingolstadt_custom2,-22716072#3,8a1f8d98a2a7fff,10,336.311,336.31,20.0,25.03504839,0,2,8.33,highway.residential,,networks/COeXISTENCE-PROJECT URB main networks/ingolstadt_custom2/ingolstadt_custom2.net.xml,2,6,34,2,1
ingolstadt_custom2,-22716072#3,8a1f8d98a387fff,10,336.311,336.31,20.0,25.03504839,0,2,8.33,highway.residential,,networks/COeXISTENCE-PROJECT URB main networks/ingolstadt_custom2/ingolstadt_custom2.net.xml,2,6,34,2,1
ingolstadt_custom2,-22716072#3,8a1f8d98a38ffff,10,336.311,336.31,20.0,25.03504839,0,2,8.33,highway.residential,,networks/COeXISTENCE-PROJECT URB main networks/ingolstadt_custom2/ingolstadt_custom2.net.xml,2,6,34,2,1
ingolstadt_custom2,-22716072#3,8a1f8d98a39ffff,10,336.311,336.31,20.0,25.03504839,0,2,8.33,highway.residential,,networks/COeXISTENCE-PROJECT URB main networks/ingolstadt_custom2/ingolstadt_custom2.net.xml,2,6,34,2,1
ingolstadt_custom2,-22716072#3,8a1f8d98a3b7fff,10,336.311,336.31,20.0,25.03504839,0,2,8.33,highway.residential,,networks/COeXISTENCE-PROJECT URB main networks/ingolstadt_custom2/ingolstadt_custom2.net.xml,2,6,34,2,1
ingolstadt_custom2,-22716072#5,8a1f8d98a2affff,10,51.318,51.32,20.0,25.03504839,0,2,8.33,highway.residential,,networks/COeXISTENCE-PROJECT URB main networks/ingolstadt_custom2/ingolstadt_custom2.net.xml,2,6,34,2,1
ingolstadt_custom2,-23436553#1,8a1f8d98a24ffff,10,85.734,85.73,20.0,25.03504839,0,2,8.33,highway.residential,,networks/COeXISTENCE-PROJECT URB main networks/ingolstadt_custom2/ingolstadt_custom2.net.xml,1,6,6,1,1
ingolstadt_custom2,-23436553#1,8a1f8d98a25ffff,10,85.734,85.73,20.0,25.03504839,0,2,8.33,highway.residential,,networks/COeXISTENCE-PROJECT URB main networks/ingolstadt_custom2/ingolstadt_custom2.net.xml,1,6,6,1,1
ingolstadt_custom2,-23436553#2,8a1f8d98a247fff,10,207.991,207.99,20.0,25.03504839,0,2,8.33,highway.residential,,networks/COeXISTENCE-PROJECT URB main networks/ingolstadt_custom2/ingolstadt_custom2.net.xml,1,6,6,1,1
ingolstadt_custom2,-23436553#2,8a1f8d98a25ffff,10,207.991,207.99,20.0,25.03504839,0,2,8.33,highway.residential,,networks/COeXISTENCE-PROJECT URB main networks/ingolstadt_custom2/ingolstadt_custom2.net.xml,1,6,6,1,1
ingolstadt_custom2,-23436553#2,8a1f8d98a267fff,10,207.991,207.99,20.0,25.03504839,0,2,8.33,highway.residential,,networks/COeXISTENCE-PROJECT URB main networks/ingolstadt_custom2/ingolstadt_custom2.net.xml,1,6,6,1,1
ingolstadt_custom2,-23436553#2,8a1f8d98a26ffff,10,207.991,207.99,20.0,25.03504839,0,2,8.33,highway.residential,,networks/COeXISTENCE-PROJECT URB main networks/ingolstadt_custom2/ingolstadt_custom2.net.xml,1,6,6,1,1
ingolstadt_custom2,-24634411,8a1f8d98bc0ffff,10,245.974,245.98,20.0,25.03504839,0,2,8.33,highway.residential,,networks/COeXISTENCE-PROJECT URB main networks/ingolstadt_custom2/ingolstadt_custom2.net.xml,1,73,73,1,1
ingolstadt_custom2,-24634411,8a1f8d98bcc7fff,10,245.974,245.98,20.0,25.03504839,0,2,8.33,highway.residential,,networks/COeXISTENCE-PROJECT URB main networks/ingolstadt_custom2/ingolstadt_custom2.net.xml,1,73,73,1,1
ingolstadt_custom2,-24634411,8a1f8d98bce7fff,10,245.974,245.98,20.0,25.03504839,0,2,8.33,highway.residential,,networks/COeXISTENCE-PROJECT URB main networks/ingolstadt_custom2/ingolstadt_custom2.net.xml,1,73,73,1,1
ingolstadt_custom2,-24634414#4,8a1f8d98b56ffff,10,20.879,20.88,20.0,25.03504839,0,2,8.33,highway.residential,,networks/COeXISTENCE-PROJECT URB main networks/ingolstadt_custom2/ingolstadt_custom2.net.xml,1,56,56,1,1
ingolstadt_custom2,-24634414#5,8a1f8d98b547fff,10,44.823,44.82,20.0,25.03504839,0,2,8.33,highway.residential,,networks/COeXISTENCE-PROJECT URB main networks/ingolstadt_custom2/ingolstadt_custom2.net.xml,1,56,56,1,1
ingolstadt_custom2,-24634414#5,8a1f8d98b56ffff,10,44.823,44.82,20.0,25.03504839,0,2,8.33,highway.residential,,networks/COeXISTENCE-PROJECT URB main networks/ingolstadt_custom2/ingolstadt_custom2.net.xml,1,56,56,1,1
ingolstadt_custom2,-24634415,8a1f8d98b56ffff,10,62.026,62.03,20.0,25.03504839,0,2,13.89,highway.residential,,networks/COeXISTENCE-PROJECT URB main networks/ingolstadt_custom2/ingolstadt_custom2.net.xml,1,56,56,1,1
ingolstadt_custom2,-24634417,8a1f8d98b1a7fff,10,136.678,136.68,20.0,25.03504839,0,2,8.33,highway.residential,,networks/COeXISTENCE-PROJECT URB main networks/ingolstadt_custom2/ingolstadt_custom2.net.xml,2,73,78,2,1
ingolstadt_custom2,-24634417,8a1f8d98b1b7fff,10,136.678,136.68,20.0,25.03504839,0,2,8.33,highway.residential,,networks/COeXISTENCE-PROJECT URB main networks/ingolstadt_custom2/ingolstadt_custom2.net.xml,2,73,78,2,1
ingolstadt_custom2,-24693977#0,8a1f8d98b557fff,10,8.349,8.35,20.0,25.03504839,0,4,13.89,highway.tertiary,,networks/COeXISTENCE-PROJECT URB main networks/ingolstadt_custom2/ingolstadt_custom2.net.xml,3,32,82,3,1
ingolstadt_custom2,-24693977#0,8a1f8d98b55ffff,10,8.349,8.35,20.0,25.03504839,0,4,13.89,highway.tertiary,,networks/COeXISTENCE-PROJECT URB main networks/ingolstadt_custom2/ingolstadt_custom2.net.xml,3,32,82,3,1
ingolstadt_custom2,-24693977#1,8a1f8d98b547fff,10,91.018,91.02,20.0,25.03504839,0,4,13.89,highway.tertiary,,networks/COeXISTENCE-PROJECT URB main networks/ingolstadt_custom2/ingolstadt_custom2.net.xml,3,32,82,3,1
ingolstadt_custom2,-24693977#1,8a1f8d98b557fff,10,91.018,91.02,20.0,25.03504839,0,4,13.89,highway.tertiary,,networks/COeXISTENCE-PROJECT URB main networks/ingolstadt_custom2/ingolstadt_custom2.net.xml,3,32,82,3,1
ingolstadt_custom2,-24693977#1,8a1f8d98b577fff,10,91.018,91.02,20.0,25.03504839,0,4,13.89,highway.tertiary,,networks/COeXISTENCE-PROJECT URB main networks/ingolstadt_custom2/ingolstadt_custom2.net.xml,3,32,82,3,1
ingolstadt_custom2,-25117391#1,8a1f8d988697fff,10,113.304,113.3,20.0,25.03504839,0,2,13.89,highway.unclassified,,networks/COeXISTENCE-PROJECT URB main networks/ingolstadt_custom2/ingolstadt_custom2.net.xml,1,83,83,1,1
ingolstadt_custom2,-25117391#2,8a1f8d988687fff,10,103.828,103.83,20.0,25.03504839,0,2,13.89,highway.unclassified,,networks/COeXISTENCE-PROJECT URB main networks/ingolstadt_custom2/ingolstadt_custom2.net.xml,1,83,83,1,1
ingolstadt_custom2,-25117391#2,8a1f8d988697fff,10,103.828,103.83,20.0,25.03504839,0,2,13.89,highway.unclassified,,networks/COeXISTENCE-PROJECT URB main networks/ingolstadt_custom2/ingolstadt_custom2.net.xml,1,83,83,1,1
ingolstadt_custom2,-25145011#0,8a1f8d98b4b7fff,10,103.63,103.63,20.0,25.03504839,0,2,13.89,highway.residential,,networks/COeXISTENCE-PROJECT URB main networks/ingolstadt_custom2/ingolstadt_custom2.net.xml,1,6,6,1,1
ingolstadt_custom2,-25145011#0,8a1f8d98b59ffff,10,103.63,103.63,20.0,25.03504839,0,2,13.89,highway.residential,,networks/COeXISTENCE-PROJECT URB main networks/ingolstadt_custom2/ingolstadt_custom2.net.xml,1,6,6,1,1
ingolstadt_custom2,-25145011#2,8a1f8d98b587fff,10,155.93,155.93,20.0,25.03504839,0,2,13.89,highway.residential,,networks/COeXISTENCE-PROJECT URB main networks/ingolstadt_custom2/ingolstadt_custom2.net.xml,1,6,6,1,1
ingolstadt_custom2,-25145011#2,8a1f8d98b58ffff,10,155.93,155.93,20.0,25.03504839,0,2,13.89,highway.residential,,networks/COeXISTENCE-PROJECT URB main networks/ingolstadt_custom2/ingolstadt_custom2.net.xml,1,6,6,1,1
ingolstadt_custom2,-25145011#2,8a1f8d98b59ffff,10,155.93,155.93,20.0,25.03504839,0,2,13.89,highway.residential,,networks/COeXISTENCE-PROJECT URB main networks/ingolstadt_custom2/ingolstadt_custom2.net.xml,1,6,6,1,1
ingolstadt_custom2,-25145011#2,8a1f8d98b5affff,10,155.93,155.93,20.0,25.03504839,0,2,13.89,highway.residential,,networks/COeXISTENCE-PROJECT URB main networks/ingolstadt_custom2/ingolstadt_custom2.net.xml,1,6,6,1,1
ingolstadt_custom2,-25149001#4,8a1f8d8a4947fff,10,105.665,105.67,20.0,25.03504839,0,2,8.33,highway.residential,,networks/COeXISTENCE-PROJECT URB main networks/ingolstadt_custom2/ingolstadt_custom2.net.xml,1,6,6,1,1
ingolstadt_custom2,-25149001#4,8a1f8d8a494ffff,10,105.665,105.67,20.0,25.03504839,0,2,8.33,highway.residential,,networks/COeXISTENCE-PROJECT URB main networks/ingolstadt_custom2/ingolstadt_custom2.net.xml,1,6,6,1,1
ingolstadt_custom2,-25149001#5,8a1f8d8a4947fff,10,22.76,22.76,20.0,25.03504839,0,2,8.33,highway.residential,,networks/COeXISTENCE-PROJECT URB main networks/ingolstadt_custom2/ingolstadt_custom2.net.xml,1,6,6,1,1
ingolstadt_custom2,-26642362#5,8a1f8d98a2affff,10,8.586,8.59,20.0,25.03504839,0,2,13.89,highway.residential,,networks/COeXISTENCE-PROJECT URB main networks/ingolstadt_custom2/ingolstadt_custom2.net.xml,2,6,34,2,1
ingolstadt_custom2,-266565295#5,8a1f8d98b01ffff,10,172.751,172.76,20.0,25.03504839,0,3,13.89,highway.secondary,,networks/COeXISTENCE-PROJECT URB main networks/ingolstadt_custom2/ingolstadt_custom2.net.xml,2,32,59,2,1
ingolstadt_custom2,-266565295#5,8a1f8d98b0affff,10,172.751,172.76,20.0,25.03504839,0,3,13.89,highway.secondary,,networks/COeXISTENCE-PROJECT URB main networks/ingolstadt_custom2/ingolstadt_custom2.net.xml,2,32,59,2,1
ingolstadt_custom2,-26677213#5,8a1f8d98bc27fff,10,208.432,208.44,20.0,25.03504839,0,2,13.89,highway.residential,,networks/COeXISTENCE-PROJECT URB main networks/ingolstadt_custom2/ingolstadt_custom2.net.xml,1,6,6,1,1
ingolstadt_custom2,-26677213#5,8a1f8d98bd07fff,10,208.432,208.44,20.0,25.03504839,0,2,13.89,highway.residential,,networks/COeXISTENCE-PROJECT URB main networks/ingolstadt_custom2/ingolstadt_custom2.net.xml,1,6,6,1,1
ingolstadt_custom2,-26677213#5,8a1f8d98bd0ffff,10,208.432,208.44,20.0,25.03504839,0,2,13.89,highway.residential,,networks/COeXISTENCE-PROJECT URB main networks/ingolstadt_custom2/ingolstadt_custom2.net.xml,1,6,6,1,1
ingolstadt_custom2,-26677416#3,8a1f8d98b997fff,10,89.716,89.72,20.0,25.03504839,0,2,8.33,highway.residential,,networks/COeXISTENCE-PROJECT URB main networks/ingolstadt_custom2/ingolstadt_custom2.net.xml,1,73,73,1,1
ingolstadt_custom2,-26677416#3,8a1f8d98b99ffff,10,89.716,89.72,20.0,25.03504839,0,2,8.33,highway.residential,,networks/COeXISTENCE-PROJECT URB main networks/ingolstadt_custom2/ingolstadt_custom2.net.xml,1,73,73,1,1
ingolstadt_custom2,-26677416#7,8a1f8d98b8b7fff,10,95.424,95.42,20.0,25.03504839,0,2,8.33,highway.residential,,networks/COeXISTENCE-PROJECT URB main networks/ingolstadt_custom2/ingolstadt_custom2.net.xml,1,73,73,1,1
ingolstadt_custom2,-26677416#7,8a1f8d98b99ffff,10,95.424,95.42,20.0,25.03504839,0,2,8.33,highway.residential,,networks/COeXISTENCE-PROJECT URB main networks/ingolstadt_custom2/ingolstadt_custom2.net.xml,1,73,73,1,1
ingolstadt_custom2,-26677539,8a1f8d98b99ffff,10,152.756,152.75,20.0,25.03504839,0,2,8.33,highway.residential,,networks/COeXISTENCE-PROJECT URB main networks/ingolstadt_custom2/ingolstadt_custom2.net.xml,1,73,73,1,1
ingolstadt_custom2,-26677539,8a1f8d98bd6ffff,10,152.756,152.75,20.0,25.03504839,0,2,8.33,highway.residential,,networks/COeXISTENCE-PROJECT URB main networks/ingolstadt_custom2/ingolstadt_custom2.net.xml,1,73,73,1,1
ingolstadt_custom2,-26677540#0,8a1f8d98b997fff,10,35.402,35.41,20.0,25.03504839,0,2,8.33,highway.residential,,networks/COeXISTENCE-PROJECT URB main networks/ingolstadt_custom2/ingolstadt_custom2.net.xml,1,73,73,1,1
ingolstadt_custom2,-26677540#1,8a1f8d98b997fff,10,30.959,30.96,20.0,25.03504839,0,2,8.33,highway.residential,,networks/COeXISTENCE-PROJECT URB main networks/ingolstadt_custom2/ingolstadt_custom2.net.xml,1,73,73,1,1
ingolstadt_custom2,-26677541,8a1f8d9886cffff,10,174.788,174.78,20.0,25.03504839,0,2,13.89,highway.residential,,networks/COeXISTENCE-PROJECT URB main networks/ingolstadt_custom2/ingolstadt_custom2.net.xml,1,73,73,1,1
ingolstadt_custom2,-26677541,8a1f8d98b997fff,10,174.788,174.78,20.0,25.03504839,0,2,13.89,highway.residential,,networks/COeXISTENCE-PROJECT URB main networks/ingolstadt_custom2/ingolstadt_custom2.net.xml,1,73,73,1,1
ingolstadt_custom2,-26677541,8a1f8d98b9b7fff,10,174.788,174.78,20.0,25.03504839,0,2,13.89,highway.residential,,networks/COeXISTENCE-PROJECT URB main networks/ingolstadt_custom2/ingolstadt_custom2.net.xml,1,73,73,1,1
ingolstadt_custom2,-285549250#1,8a1f8d98a0effff,10,106.27,106.27,20.0,25.03504839,0,2,13.89,highway.secondary,,networks/COeXISTENCE-PROJECT URB main networks/ingolstadt_custom2/ingolstadt_custom2.net.xml,2,6,34,2,1
ingolstadt_custom2,-285549250#1,8a1f8d98a3b7fff,10,106.27,106.27,20.0,25.03504839,0,2,13.89,highway.secondary,,networks/COeXISTENCE-PROJECT URB main networks/ingolstadt_custom2/ingolstadt_custom2.net.xml,2,6,34,2,1
ingolstadt_custom2,-306240162#1,8a1f8d98ab17fff,10,220.495,220.5,20.0,25.03504839,0,2,16.67,highway.secondary,,networks/COeXISTENCE-PROJECT URB main networks/ingolstadt_custom2/ingolstadt_custom2.net.xml,10,13,82,10,1
ingolstadt_custom2,-306240162#1,8a1f8d98ab37fff,10,220.495,220.5,20.0,25.03504839,0,2,16.67,highway.secondary,,networks/COeXISTENCE-PROJECT URB main networks/ingolstadt_custom2/ingolstadt_custom2.net.xml,10,13,82,10,1
ingolstadt_custom2,-306240162#1,8a1f8d98abaffff,10,220.495,220.5,20.0,25.03504839,0,2,16.67,highway.secondary,,networks/COeXISTENCE-PROJECT URB main networks/ingolstadt_custom2/ingolstadt_custom2.net.xml,10,13,82,10,1
ingolstadt_custom2,-315358246,8a1f8d98b987fff,10,99.503,99.5,20.0,25.03504839,0,3,13.89,highway.tertiary,,networks/COeXISTENCE-PROJECT URB main networks/ingolstadt_custom2/ingolstadt_custom2.net.xml,1,83,83,1,1
ingolstadt_custom2,-315358246,8a1f8d98b9a7fff,10,99.503,99.5,20.0,25.03504839,0,3,13.89,highway.tertiary,,networks/COeXISTENCE-PROJECT URB main networks/ingolstadt_custom2/ingolstadt_custom2.net.xml,1,83,83,1,1
ingolstadt_custom2,-315358252#1,8a1f8d98b8a7fff,10,123.6,123.59,20.0,25.03504839,0,3,13.89,highway.tertiary,,networks/COeXISTENCE-PROJECT URB main networks/ingolstadt_custom2/ingolstadt_custom2.net.xml,1,83,83,1,1
ingolstadt_custom2,-315358252#1,8a1f8d98b98ffff,10,123.6,123.59,20.0,25.03504839,0,3,13.89,highway.tertiary,,networks/COeXISTENCE-PROJECT URB main networks/ingolstadt_custom2/ingolstadt_custom2.net.xml,1,83,83,1,1
ingolstadt_custom2,-315358252#1,8a1f8d98b99ffff,10,123.6,123.59,20.0,25.03504839,0,3,13.89,highway.tertiary,,networks/COeXISTENCE-PROJECT URB main networks/ingolstadt_custom2/ingolstadt_custom2.net.xml,1,83,83,1,1
ingolstadt_custom2,-315392062#4,8a1f8d98b577fff,10,250.805,250.8,20.0,25.03504839,0,2,13.89,highway.tertiary,,networks/COeXISTENCE-PROJECT URB main networks/ingolstadt_custom2/ingolstadt_custom2.net.xml,2,32,82,2,1
ingolstadt_custom2,-315392062#4,8a1f8d98bcc7fff,10,250.805,250.8,20.0,25.03504839,0,2,13.89,highway.tertiary,,networks/COeXISTENCE-PROJECT URB main networks/ingolstadt_custom2/ingolstadt_custom2.net.xml,2,32,82,2,1
ingolstadt_custom2,-315392062#4,8a1f8d98bcdffff,10,250.805,250.8,20.0,25.03504839,0,2,13.89,highway.tertiary,,networks/COeXISTENCE-PROJECT URB main networks/ingolstadt_custom2/ingolstadt_custom2.net.xml,2,32,82,2,1
ingolstadt_custom2,-32999434#1,8a1f8d98b547fff,10,110.05,110.11,20.0,25.03504839,0,3,13.89,highway.secondary,,networks/COeXISTENCE-PROJECT URB main networks/ingolstadt_custom2/ingolstadt_custom2.net.xml,3,32,82,3,1
ingolstadt_custom2,-32999434#1,8a1f8d98b55ffff,10,110.05,110.11,20.0,25.03504839,0,3,13.89,highway.secondary,,networks/COeXISTENCE-PROJECT URB main networks/ingolstadt_custom2/ingolstadt_custom2.net.xml,3,32,82,3,1
ingolstadt_custom2,-40888351#0,8a1f8d98b8b7fff,10,116.977,116.98,20.0,25.03504839,0,2,8.33,highway.residential,,networks/COeXISTENCE-PROJECT URB main networks/ingolstadt_custom2/ingolstadt_custom2.net.xml,1,73,73,1,1
ingolstadt_custom2,-40888351#0,8a1f8d98bd47fff,10,116.977,116.98,20.0,25.03504839,0,2,8.33,highway.residential,,networks/COeXISTENCE-PROJECT URB main networks/ingolstadt_custom2/ingolstadt_custom2.net.xml,1,73,73,1,1
ingolstadt_custom2,-40888351#0,8a1f8d98bd6ffff,10,116.977,116.98,20.0,25.03504839,0,2,8.33,highway.residential,,networks/COeXISTENCE-PROJECT URB main networks/ingolstadt_custom2/ingolstadt_custom2.net.xml,1,73,73,1,1
ingolstadt_custom2,-40888351#2,8a1f8d98b8b7fff,10,45.337,45.34,20.0,25.03504839,0,2,8.33,highway.residential,,networks/COeXISTENCE-PROJECT URB main networks/ingolstadt_custom2/ingolstadt_custom2.net.xml,1,73,73,1,1
ingolstadt_custom2,-40888351#6,8a1f8d98b8a7fff,10,38.642,38.64,20.0,25.03504839,0,2,8.33,highway.residential,,networks/COeXISTENCE-PROJECT URB main networks/ingolstadt_custom2/ingolstadt_custom2.net.xml,1,73,73,1,1
ingolstadt_custom2,-40888351#6,8a1f8d98b8b7fff,10,38.642,38.64,20.0,25.03504839,0,2,8.33,highway.residential,,networks/COeXISTENCE-PROJECT URB main networks/ingolstadt_custom2/ingolstadt_custom2.net.xml,1,73,73,1,1
ingolstadt_custom2,-447569997#0,8a1f8d98b8a7fff,10,1.822,1.82,20.0,25.03504839,0,3,8.33,highway.residential,,networks/COeXISTENCE-PROJECT URB main networks/ingolstadt_custom2/ingolstadt_custom2.net.xml,2,73,83,2,1
ingolstadt_custom2,-447569998#1,8a1f8d98b8a7fff,10,180.754,180.76,20.0,25.03504839,0,3,8.33,highway.residential,,networks/COeXISTENCE-PROJECT URB main networks/ingolstadt_custom2/ingolstadt_custom2.net.xml,2,73,83,2,1
ingolstadt_custom2,-447569998#1,8a1f8d98b8affff,10,180.754,180.76,20.0,25.03504839,0,3,8.33,highway.residential,,networks/COeXISTENCE-PROJECT URB main networks/ingolstadt_custom2/ingolstadt_custom2.net.xml,2,73,83,2,1
ingolstadt_custom2,-612075153#0,8a1f8d98ab4ffff,10,23.468,23.46,20.0,25.03504839,0,2,8.33,highway.residential,,networks/COeXISTENCE-PROJECT URB main networks/ingolstadt_custom2/ingolstadt_custom2.net.xml,3,16,83,3,1
ingolstadt_custom2,-612075153#1,8a1f8d98ab4ffff,10,8.523,8.53,20.0,25.03504839,0,2,8.33,highway.residential,,networks/COeXISTENCE-PROJECT URB main networks/ingolstadt_custom2/ingolstadt_custom2.net.xml,3,16,83,3,1
ingolstadt_custom2,-653473569#1,8a1f8d8a4947fff,10,157.263,157.27,20.0,25.03504839,0,2,13.89,highway.tertiary,,networks/COeXISTENCE-PROJECT URB main networks/ingolstadt_custom2/ingolstadt_custom2.net.xml,1,6,6,1,1
ingolstadt_custom2,-653473569#1,8a1f8d8a4967fff,10,157.263,157.27,20.0,25.03504839,0,2,13.89,highway.tertiary,,networks/COeXISTENCE-PROJECT URB main networks/ingolstadt_custom2/ingolstadt_custom2.net.xml,1,6,6,1,1
ingolstadt_custom2,-653473569#1,8a1f8d8a496ffff,10,157.263,157.27,20.0,25.03504839,0,2,13.89,highway.tertiary,,networks/COeXISTENCE-PROJECT URB main networks/ingolstadt_custom2/ingolstadt_custom2.net.xml,1,6,6,1,1
ingolstadt_custom2,-653473569#2,8a1f8d8a496ffff,10,59.716,59.72,20.0,25.03504839,0,2,13.89,highway.tertiary,,networks/COeXISTENCE-PROJECT URB main networks/ingolstadt_custom2/ingolstadt_custom2.net.xml,3,6,34,3,1
ingolstadt_custom2,-653473569#2,8a1f8d98b4b7fff,10,59.716,59.72,20.0,25.03504839,0,2,13.89,highway.tertiary,,networks/COeXISTENCE-PROJECT URB main networks/ingolstadt_custom2/ingolstadt_custom2.net.xml,3,6,34,3,1
ingolstadt_custom2,-653473569#4,8a1f8d98b4a7fff,10,77.218,77.21,20.0,25.03504839,0,2,13.89,highway.tertiary,,networks/COeXISTENCE-PROJECT URB main networks/ingolstadt_custom2/ingolstadt_custom2.net.xml,2,6,34,2,1
ingolstadt_custom2,-653473569#4,8a1f8d98b4b7fff,10,77.218,77.21,20.0,25.03504839,0,2,13.89,highway.tertiary,,networks/COeXISTENCE-PROJECT URB main networks/ingolstadt_custom2/ingolstadt_custom2.net.xml,2,6,34,2,1
ingolstadt_custom2,-653473569#5,8a1f8d98b4a7fff,10,64.846,64.85,20.0,25.03504839,0,2,13.89,highway.tertiary,,networks/COeXISTENCE-PROJECT URB main networks/ingolstadt_custom2/ingolstadt_custom2.net.xml,2,6,34,2,1
ingolstadt_custom2,-653473569#5,8a1f8d98b4affff,10,64.846,64.85,20.0,25.03504839,0,2,13.89,highway.tertiary,,networks/COeXISTENCE-PROJECT URB main networks/ingolstadt_custom2/ingolstadt_custom2.net.xml,2,6,34,2,1
ingolstadt_custom2,10425609#0,8a1f8d98b48ffff,10,37.688,43.58,20.0,25.03504839,0,4,13.89,highway.tertiary,,networks/COeXISTENCE-PROJECT URB main networks/ingolstadt_custom2/ingolstadt_custom2.net.xml,2,6,34,2,1
ingolstadt_custom2,10425609#1,8a1f8d98b48ffff,10,0.923,0.92,20.0,25.03504839,0,4,13.89,highway.tertiary,,networks/COeXISTENCE-PROJECT URB main networks/ingolstadt_custom2/ingolstadt_custom2.net.xml,2,6,34,2,1
ingolstadt_custom2,128361109#1,8a1f8d98a02ffff,10,379.064,379.09,20.0,25.03504839,0,3,13.89,highway.primary,,networks/COeXISTENCE-PROJECT URB main networks/ingolstadt_custom2/ingolstadt_custom2.net.xml,5,61,82,5,1
ingolstadt_custom2,128361109#1,8a1f8d98a067fff,10,379.064,379.09,20.0,25.03504839,0,3,13.89,highway.primary,,networks/COeXISTENCE-PROJECT URB main networks/ingolstadt_custom2/ingolstadt_custom2.net.xml,5,61,82,5,1
ingolstadt_custom2,128361109#1,8a1f8d98a06ffff,10,379.064,379.09,20.0,25.03504839,0,3,13.89,highway.primary,,networks/COeXISTENCE-PROJECT URB main networks/ingolstadt_custom2/ingolstadt_custom2.net.xml,5,61,82,5,1
ingolstadt_custom2,128361109#1,8a1f8d98a15ffff,10,379.064,379.09,20.0,25.03504839,0,3,13.89,highway.primary,,networks/COeXISTENCE-PROJECT URB main networks/ingolstadt_custom2/ingolstadt_custom2.net.xml,5,61,82,5,1
ingolstadt_custom2,128361109#1,8a1f8d98aa9ffff,10,379.064,379.09,20.0,25.03504839,0,3,13.89,highway.primary,,networks/COeXISTENCE-PROJECT URB main networks/ingolstadt_custom2/ingolstadt_custom2.net.xml,5,61,82,5,1
ingolstadt_custom2,128361109#3,8a1f8d98aa9ffff,10,54.722,54.72,20.0,25.03504839,0,5,13.89,highway.primary,,networks/COeXISTENCE-PROJECT URB main networks/ingolstadt_custom2/ingolstadt_custom2.net.xml,5,61,82,5,1
ingolstadt_custom2,128361109#4,8a1f8d98aa9ffff,10,0.192,0.2,20.0,25.03504839,0,5,13.89,highway.primary,,networks/COeXISTENCE-PROJECT URB main networks/ingolstadt_custom2/ingolstadt_custom2.net.xml,5,61,82,5,1
ingolstadt_custom2,129379918#0,8a1f8d98b8a7fff,10,16.167,16.16,20.0,25.03504839,0,3,13.89,highway.tertiary,,networks/COeXISTENCE-PROJECT URB main networks/ingolstadt_custom2/ingolstadt_custom2.net.xml,4,12,73,4,1
ingolstadt_custom2,129379920#0,8a1f8d98b9a7fff,10,3.168,3.17,20.0,25.03504839,0,3,13.89,highway.tertiary,,networks/COeXISTENCE-PROJECT URB main networks/ingolstadt_custom2/ingolstadt_custom2.net.xml,4,12,81,4,1
ingolstadt_custom2,129379920#1,8a1f8d98b9a7fff,10,16.136,16.13,20.0,25.03504839,0,3,13.89,highway.tertiary,,networks/COeXISTENCE-PROJECT URB main networks/ingolstadt_custom2/ingolstadt_custom2.net.xml,4,12,81,4,1
ingolstadt_custom2,129379921#0,8a1f8d98864ffff,10,18.161,18.15,20.0,25.03504839,0,3,13.89,highway.tertiary,,networks/COeXISTENCE-PROJECT URB main networks/ingolstadt_custom2/ingolstadt_custom2.net.xml,4,12,81,4,1
ingolstadt_custom2,129379921#1,8a1f8d98864ffff,10,79.448,79.46,20.0,25.03504839,0,3,13.89,highway.tertiary,,networks/COeXISTENCE-PROJECT URB main networks/ingolstadt_custom2/ingolstadt_custom2.net.xml,4,12,81,4,1
ingolstadt_custom2,129379921#1,8a1f8d98b9a7fff,10,79.448,79.46,20.0,25.03504839,0,3,13.89,highway.tertiary,,networks/COeXISTENCE-PROJECT URB main networks/ingolstadt_custom2/ingolstadt_custom2.net.xml,4,12,81,4,1
ingolstadt_custom2,129379922,8a1f8d98b987fff,10,37.428,37.43,20.0,25.03504839,0,4,13.89,highway.tertiary,,networks/COeXISTENCE-PROJECT URB main networks/ingolstadt_custom2/ingolstadt_custom2.net.xml,4,12,81,4,1
ingolstadt_custom2,129379925,8a1f8d98b887fff,10,41.632,41.63,20.0,25.03504839,0,3,13.89,highway.tertiary,,networks/COeXISTENCE-PROJECT URB main networks/ingolstadt_custom2/ingolstadt_custom2.net.xml,3,12,31,3,1
ingolstadt_custom2,129379925,8a1f8d98b8a7fff,10,41.632,41.63,20.0,25.03504839,0,3,13.89,highway.tertiary,,networks/COeXISTENCE-PROJECT URB main networks/ingolstadt_custom2/ingolstadt_custom2.net.xml,3,12,31,3,1
ingolstadt_custom2,129379968,8a1f8d98864ffff,10,28.343,28.34,20.0,25.03504839,0,2,13.89,highway.unclassified,,networks/COeXISTENCE-PROJECT URB main networks/ingolstadt_custom2/ingolstadt_custom2.net.xml,2,6,83,2,1
ingolstadt_custom2,136436466,8a1f8d98b1a7fff,10,15.35,15.35,20.0,25.03504839,0,4,13.89,highway.tertiary,,networks/COeXISTENCE-PROJECT URB main networks/ingolstadt_custom2/ingolstadt_custom2.net.xml,3,12,31,3,1
ingolstadt_custom2,136436468#1,8a1f8d98bc27fff,10,49.008,49.01,20.0,25.03504839,0,2,8.33,highway.residential,,networks/COeXISTENCE-PROJECT URB main networks/ingolstadt_custom2/ingolstadt_custom2.net.xml,1,6,6,1,1
ingolstadt_custom2,136436468#1,8a1f8d98bc37fff,10,49.008,49.01,20.0,25.03504839,0,2,8.33,highway.residential,,networks/COeXISTENCE-PROJECT URB main networks/ingolstadt_custom2/ingolstadt_custom2.net.xml,1,6,6,1,1
ingolstadt_custom2,137133006#0,8a1f8d98aa87fff,10,103.381,103.34,20.0,25.03504839,0,5,13.89,highway.secondary,,networks/COeXISTENCE-PROJECT URB main networks/ingolstadt_custom2/ingolstadt_custom2.net.xml,10,13,82,10,1
ingolstadt_custom2,137133006#0,8a1f8d98aa8ffff,10,103.381,103.34,20.0,25.03504839,0,5,13.89,highway.secondary,,networks/COeXISTENCE-PROJECT URB main networks/ingolstadt_custom2/ingolstadt_custom2.net.xml,10,13,82,10,1
ingolstadt_custom2,137133006#0,8a1f8d98aa9ffff,10,103.381,103.34,20.0,25.03504839,0,5,13.89,highway.secondary,,networks/COeXISTENCE-PROJECT URB main networks/ingolstadt_custom2/ingolstadt_custom2.net.xml,10,13,82,10,1
ingolstadt_custom2,137133006#1,8a1f8d98aa9ffff,10,4.471,4.47,20.0,25.03504839,0,4,13.89,highway.secondary,,networks/COeXISTENCE-PROJECT URB main networks/ingolstadt_custom2/ingolstadt_custom2.net.xml,10,13,82,10,1
ingolstadt_custom2,137685155#0,8a1f8d98864ffff,10,17.971,17.98,20.0,25.03504839,0,2,5.56,highway.service,,networks/COeXISTENCE-PROJECT URB main networks/ingolstadt_custom2/ingolstadt_custom2.net.xml,3,6,31,3,1
ingolstadt_custom2,160314345#1,8a1f8d98bcc7fff,10,72.927,72.93,20.0,25.03504839,0,2,8.33,highway.residential,,networks/COeXISTENCE-PROJECT URB main networks/ingolstadt_custom2/ingolstadt_custom2.net.xml,1,73,73,1,1
ingolstadt_custom2,160314345#1,8a1f8d98bccffff,10,72.927,72.93,20.0,25.03504839,0,2,8.33,highway.residential,,networks/COeXISTENCE-PROJECT URB main networks/ingolstadt_custom2/ingolstadt_custom2.net.xml,1,73,73,1,1
ingolstadt_custom2,160314345#2,8a1f8d98b1b7fff,10,80.817,80.82,20.0,25.03504839,0,2,8.33,highway.residential,,networks/COeXISTENCE-PROJECT URB main networks/ingolstadt_custom2/ingolstadt_custom2.net.xml,2,73,78,2,1
ingolstadt_custom2,160314345#2,8a1f8d98bccffff,10,80.817,80.82,20.0,25.03504839,0,2,8.33,highway.residential,,networks/COeXISTENCE-PROJECT URB main networks/ingolstadt_custom2/ingolstadt_custom2.net.xml,2,73,78,2,1
ingolstadt_custom2,160314345#3,8a1f8d98b1b7fff,10,68.527,68.53,20.0,25.03504839,0,2,8.33,highway.residential,,networks/COeXISTENCE-PROJECT URB main networks/ingolstadt_custom2/ingolstadt_custom2.net.xml,2,73,78,2,1
ingolstadt_custom2,164078530,8a1f8d98864ffff,10,0.208,0.2,20.0,25.03504839,0,3,13.89,highway.tertiary,,networks/COeXISTENCE-PROJECT URB main networks/ingolstadt_custom2/ingolstadt_custom2.net.xml,1,81,81,1,1
ingolstadt_custom2,168702039#1,8a1f8d98b0b7fff,10,122.537,122.44,20.0,25.03504839,0,3,13.89,highway.secondary,,networks/COeXISTENCE-PROJECT URB main networks/ingolstadt_custom2/ingolstadt_custom2.net.xml,2,56,59,2,1
ingolstadt_custom2,168702039#1,8a1f8d98b547fff,10,122.537,122.44,20.0,25.03504839,0,3,13.89,highway.secondary,,networks/COeXISTENCE-PROJECT URB main networks/ingolstadt_custom2/ingolstadt_custom2.net.xml,2,56,59,2,1
ingolstadt_custom2,168702039#1,8a1f8d98b56ffff,10,122.537,122.44,20.0,25.03504839,0,3,13.89,highway.secondary,,networks/COeXISTENCE-PROJECT URB main networks/ingolstadt_custom2/ingolstadt_custom2.net.xml,2,56,59,2,1
ingolstadt_custom2,168702040#1,8a1f8d98b0a7fff,10,0.193,0.2,20.0,25.03504839,0,3,13.89,highway.secondary,,networks/COeXISTENCE-PROJECT URB main networks/ingolstadt_custom2/ingolstadt_custom2.net.xml,2,56,59,2,1
ingolstadt_custom2,168702040#2,8a1f8d98b0a7fff,10,63.063,63.06,20.0,25.03504839,0,4,13.89,highway.secondary,,networks/COeXISTENCE-PROJECT URB main networks/ingolstadt_custom2/ingolstadt_custom2.net.xml,2,56,59,2,1
ingolstadt_custom2,168702040#2,8a1f8d98b0b7fff,10,63.063,63.06,20.0,25.03504839,0,4,13.89,highway.secondary,,networks/COeXISTENCE-PROJECT URB main networks/ingolstadt_custom2/ingolstadt_custom2.net.xml,2,56,59,2,1
ingolstadt_custom2,168702040#3,8a1f8d98b0b7fff,10,64.564,64.56,20.0,25.03504839,0,4,13.89,highway.secondary,,networks/COeXISTENCE-PROJECT URB main networks/ingolstadt_custom2/ingolstadt_custom2.net.xml,2,56,59,2,1
ingolstadt_custom2,168702040#4,8a1f8d98b0b7fff,10,5.352,5.35,20.0,25.03504839,0,4,13.89,highway.secondary,,networks/COeXISTENCE-PROJECT URB main networks/ingolstadt_custom2/ingolstadt_custom2.net.xml,2,56,59,2,1
ingolstadt_custom2,170018165#0,8a1f8d98aa8ffff,10,9.759,9.75,20.0,25.03504839,0,3,16.67,highway.secondary,,networks/COeXISTENCE-PROJECT URB main networks/ingolstadt_custom2/ingolstadt_custom2.net.xml,2,61,70,2,1
ingolstadt_custom2,170018165#0,8a1f8d98aaaffff,10,9.759,9.75,20.0,25.03504839,0,3,16.67,highway.secondary,,networks/COeXISTENCE-PROJECT URB main networks/ingolstadt_custom2/ingolstadt_custom2.net.xml,2,61,70,2,1
ingolstadt_custom2,170018165#1,8a1f8d98aaaffff,10,7.111,7.11,20.0,25.03504839,0,2,16.67,highway.secondary,,networks/COeXISTENCE-PROJECT URB main networks/ingolstadt_custom2/ingolstadt_custom2.net.xml,1,70,70,1,1
ingolstadt_custom2,170018165#2,8a1f8d98aa17fff,10,171.689,171.69,20.0,25.03504839,0,2,16.67,highway.secondary,,networks/COeXISTENCE-PROJECT URB main networks/ingolstadt_custom2/ingolstadt_custom2.net.xml,1,70,70,1,1
ingolstadt_custom2,170018165#2,8a1f8d98aaa7fff,10,171.689,171.69,20.0,25.03504839,0,2,16.67,highway.secondary,,networks/COeXISTENCE-PROJECT URB main networks/ingolstadt_custom2/ingolstadt_custom2.net.xml,1,70,70,1,1
ingolstadt_custom2,170018165#2,8a1f8d98aaaffff,10,171.689,171.69,20.0,25.03504839,0,2,16.67,highway.secondary,,networks/COeXISTENCE-PROJECT URB main networks/ingolstadt_custom2/ingolstadt_custom2.net.xml,1,70,70,1,1
ingolstadt_custom2,170018165#2.175,8a1f8d98aa17fff,10,116.774,116.77,20.0,25.03504839,0,3,16.67,highway.secondary,,networks/COeXISTENCE-PROJECT URB main networks/ingolstadt_custom2/ingolstadt_custom2.net.xml,1,70,70,1,1
ingolstadt_custom2,170018165#2.175,8a1f8d98aa37fff,10,116.774,116.77,20.0,25.03504839,0,3,16.67,highway.secondary,,networks/COeXISTENCE-PROJECT URB main networks/ingolstadt_custom2/ingolstadt_custom2.net.xml,1,70,70,1,1
ingolstadt_custom2,170018165#2.175,8a1f8d98ab8ffff,10,116.774,116.77,20.0,25.03504839,0,3,16.67,highway.secondary,,networks/COeXISTENCE-PROJECT URB main networks/ingolstadt_custom2/ingolstadt_custom2.net.xml,1,70,70,1,1
ingolstadt_custom2,174800513,8a1f8d98bc1ffff,10,12.096,12.1,20.0,25.03504839,0,3,13.89,highway.tertiary,,networks/COeXISTENCE-PROJECT URB main networks/ingolstadt_custom2/ingolstadt_custom2.net.xml,1,59,59,1,1
ingolstadt_custom2,176550246,8a1f8d98a327fff,10,6.468,6.47,20.0,25.03504839,0,5,13.89,highway.primary,,networks/COeXISTENCE-PROJECT URB main networks/ingolstadt_custom2/ingolstadt_custom2.net.xml,4,32,70,4,1
ingolstadt_custom2,176550249#0,8a1f8d98a327fff,10,135.332,135.35,20.0,25.03504839,0,3,13.89,highway.primary,,networks/COeXISTENCE-PROJECT URB main networks/ingolstadt_custom2/ingolstadt_custom2.net.xml,14,13,82,14,1
ingolstadt_custom2,176550249#0,8a1f8d98a32ffff,10,135.332,135.35,20.0,25.03504839,0,3,13.89,highway.primary,,networks/COeXISTENCE-PROJECT URB main networks/ingolstadt_custom2/ingolstadt_custom2.net.xml,14,13,82,14,1
ingolstadt_custom2,176550249#1,8a1f8d98a32ffff,10,190.057,190.05,20.0,25.03504839,0,3,13.89,highway.primary,,networks/COeXISTENCE-PROJECT URB main networks/ingolstadt_custom2/ingolstadt_custom2.net.xml,14,13,82,14,1
ingolstadt_custom2,176550249#1,8a1f8d98a367fff,10,190.057,190.05,20.0,25.03504839,0,3,13.89,highway.primary,,networks/COeXISTENCE-PROJECT URB main networks/ingolstadt_custom2/ingolstadt_custom2.net.xml,14,13,82,14,1
ingolstadt_custom2,176550249#1,8a1f8d98a377fff,10,190.057,190.05,20.0,25.03504839,0,3,13.89,highway.primary,,networks/COeXISTENCE-PROJECT URB main networks/ingolstadt_custom2/ingolstadt_custom2.net.xml,14,13,82,14,1
ingolstadt_custom2,176550249#1,8a1f8d98aadffff,10,190.057,190.05,20.0,25.03504839,0,3,13.89,highway.primary,,networks/COeXISTENCE-PROJECT URB main networks/ingolstadt_custom2/ingolstadt_custom2.net.xml,14,13,82,14,1
ingolstadt_custom2,176550249#2,8a1f8d98a367fff,10,127.934,127.89,20.0,25.03504839,0,3,13.89,highway.primary,,networks/COeXISTENCE-PROJECT URB main networks/ingolstadt_custom2/ingolstadt_custom2.net.xml,14,13,82,14,1
ingolstadt_custom2,176550249#2,8a1f8d98a36ffff,10,127.934,127.89,20.0,25.03504839,0,3,13.89,highway.primary,,networks/COeXISTENCE-PROJECT URB main networks/ingolstadt_custom2/ingolstadt_custom2.net.xml,14,13,82,14,1
ingolstadt_custom2,176550249#3,8a1f8d98a36ffff,10,201.892,201.87,20.0,25.03504839,0,3,13.89,highway.primary,,networks/COeXISTENCE-PROJECT URB main networks/ingolstadt_custom2/ingolstadt_custom2.net.xml,14,13,82,14,1
ingolstadt_custom2,176550249#3,8a1f8d98bca7fff,10,201.892,201.87,20.0,25.03504839,0,3,13.89,highway.primary,,networks/COeXISTENCE-PROJECT URB main networks/ingolstadt_custom2/ingolstadt_custom2.net.xml,14,13,82,14,1
ingolstadt_custom2,176550249#3,8a1f8d98bd9ffff,10,201.892,201.87,20.0,25.03504839,0,3,13.89,highway.primary,,networks/COeXISTENCE-PROJECT URB main networks/ingolstadt_custom2/ingolstadt_custom2.net.xml,14,13,82,14,1
ingolstadt_custom2,176550249#4,8a1f8d98bc17fff,10,270.986,271.0,20.0,25.03504839,0,3,13.89,highway.primary,,networks/COeXISTENCE-PROJECT URB main networks/ingolstadt_custom2/ingolstadt_custom2.net.xml,14,13,82,14,1
ingolstadt_custom2,176550249#4,8a1f8d98bc1ffff,10,270.986,271.0,20.0,25.03504839,0,3,13.89,highway.primary,,networks/COeXISTENCE-PROJECT URB main networks/ingolstadt_custom2/ingolstadt_custom2.net.xml,14,13,82,14,1
ingolstadt_custom2,176550249#4,8a1f8d98bca7fff,10,270.986,271.0,20.0,25.03504839,0,3,13.89,highway.primary,,networks/COeXISTENCE-PROJECT URB main networks/ingolstadt_custom2/ingolstadt_custom2.net.xml,14,13,82,14,1
ingolstadt_custom2,201201950#0,8a1f8d98bc0ffff,10,67.708,67.71,20.0,25.03504839,0,3,13.89,highway.primary,,networks/COeXISTENCE-PROJECT URB main networks/ingolstadt_custom2/ingolstadt_custom2.net.xml,12,13,82,12,1
ingolstadt_custom2,201201950#0,8a1f8d98bc1ffff,10,67.708,67.71,20.0,25.03504839,0,3,13.89,highway.primary,,networks/COeXISTENCE-PROJECT URB main networks/ingolstadt_custom2/ingolstadt_custom2.net.xml,12,13,82,12,1
ingolstadt_custom2,201201950#1,8a1f8d98bc0ffff,10,94.21,94.26,20.0,25.03504839,0,3,13.89,highway.primary,,networks/COeXISTENCE-PROJECT URB main networks/ingolstadt_custom2/ingolstadt_custom2.net.xml,12,13,82,12,1
ingolstadt_custom2,201201950#1,8a1f8d98bc57fff,10,94.21,94.26,20.0,25.03504839,0,3,13.89,highway.primary,,networks/COeXISTENCE-PROJECT URB main networks/ingolstadt_custom2/ingolstadt_custom2.net.xml,12,13,82,12,1
ingolstadt_custom2,201201950#2,8a1f8d98bc57fff,10,11.7,11.7,20.0,25.03504839,0,3,13.89,highway.primary,,networks/COeXISTENCE-PROJECT URB main networks/ingolstadt_custom2/ingolstadt_custom2.net.xml,12,13,82,12,1
ingolstadt_custom2,201201950#3,8a1f8d98bc57fff,10,114.313,114.32,20.0,25.03504839,0,3,13.89,highway.primary,,networks/COeXISTENCE-PROJECT URB main networks/ingolstadt_custom2/ingolstadt_custom2.net.xml,11,13,82,11,1
ingolstadt_custom2,201201950#3,8a1f8d98bc5ffff,10,114.313,114.32,20.0,25.03504839,0,3,13.89,highway.primary,,networks/COeXISTENCE-PROJECT URB main networks/ingolstadt_custom2/ingolstadt_custom2.net.xml,11,13,82,11,1
ingolstadt_custom2,201201950#4,8a1f8d98bc5ffff,10,47.655,47.66,20.0,25.03504839,0,3,13.89,highway.primary,,networks/COeXISTENCE-PROJECT URB main networks/ingolstadt_custom2/ingolstadt_custom2.net.xml,10,13,82,10,1
ingolstadt_custom2,201201953#0,8a1f8d98bc07fff,10,83.653,83.65,20.0,25.03504839,0,3,13.89,highway.primary,,networks/COeXISTENCE-PROJECT URB main networks/ingolstadt_custom2/ingolstadt_custom2.net.xml,3,59,70,3,1
ingolstadt_custom2,201201953#0,8a1f8d98bc17fff,10,83.653,83.65,20.0,25.03504839,0,3,13.89,highway.primary,,networks/COeXISTENCE-PROJECT URB main networks/ingolstadt_custom2/ingolstadt_custom2.net.xml,3,59,70,3,1
ingolstadt_custom2,201201953#10,8a1f8d98a327fff,10,276.624,276.64,20.0,25.03504839,0,3,13.89,highway.primary,,networks/COeXISTENCE-PROJECT URB main networks/ingolstadt_custom2/ingolstadt_custom2.net.xml,4,32,70,4,1
ingolstadt_custom2,201201953#10,8a1f8d98a32ffff,10,276.624,276.64,20.0,25.03504839,0,3,13.89,highway.primary,,networks/COeXISTENCE-PROJECT URB main networks/ingolstadt_custom2/ingolstadt_custom2.net.xml,4,32,70,4,1
ingolstadt_custom2,201201953#10,8a1f8d98a367fff,10,276.624,276.64,20.0,25.03504839,0,3,13.89,highway.primary,,networks/COeXISTENCE-PROJECT URB main networks/ingolstadt_custom2/ingolstadt_custom2.net.xml,4,32,70,4,1
ingolstadt_custom2,201201953#10,8a1f8d98aad7fff,10,276.624,276.64,20.0,25.03504839,0,3,13.89,highway.primary,,networks/COeXISTENCE-PROJECT URB main networks/ingolstadt_custom2/ingolstadt_custom2.net.xml,4,32,70,4,1
ingolstadt_custom2,201201953#10,8a1f8d98aadffff,10,276.624,276.64,20.0,25.03504839,0,3,13.89,highway.primary,,networks/COeXISTENCE-PROJECT URB main networks/ingolstadt_custom2/ingolstadt_custom2.net.xml,4,32,70,4,1
ingolstadt_custom2,201201953#12,8a1f8d98a327fff,10,43.352,43.35,20.0,25.03504839,0,5,13.89,highway.primary,,networks/COeXISTENCE-PROJECT URB main networks/ingolstadt_custom2/ingolstadt_custom2.net.xml,4,32,70,4,1
ingolstadt_custom2,201201953#2,8a1f8d98bc17fff,10,171.923,171.91,20.0,25.03504839,0,3,13.89,highway.primary,,networks/COeXISTENCE-PROJECT URB main networks/ingolstadt_custom2/ingolstadt_custom2.net.xml,3,59,70,3,1
ingolstadt_custom2,201201953#2,8a1f8d98bca7fff,10,171.923,171.91,20.0,25.03504839,0,3,13.89,highway.primary,,networks/COeXISTENCE-PROJECT URB main networks/ingolstadt_custom2/ingolstadt_custom2.net.xml,3,59,70,3,1
ingolstadt_custom2,201201953#2,8a1f8d98bd9ffff,10,171.923,171.91,20.0,25.03504839,0,3,13.89,highway.primary,,networks/COeXISTENCE-PROJECT URB main networks/ingolstadt_custom2/ingolstadt_custom2.net.xml,3,59,70,3,1
ingolstadt_custom2,201201953#4,8a1f8d98a367fff,10,327.948,328.01,20.0,25.03504839,0,3,13.89,highway.primary,,networks/COeXISTENCE-PROJECT URB main networks/ingolstadt_custom2/ingolstadt_custom2.net.xml,4,32,70,4,1
ingolstadt_custom2,201201953#4,8a1f8d98a36ffff,10,327.948,328.01,20.0,25.03504839,0,3,13.89,highway.primary,,networks/COeXISTENCE-PROJECT URB main networks/ingolstadt_custom2/ingolstadt_custom2.net.xml,4,32,70,4,1
ingolstadt_custom2,201201953#4,8a1f8d98bd9ffff,10,327.948,328.01,20.0,25.03504839,0,3,13.89,highway.primary,,networks/COeXISTENCE-PROJECT URB main networks/ingolstadt_custom2/ingolstadt_custom2.net.xml,4,32,70,4,1
ingolstadt_custom2,201238718#0,8a1f8d98bc1ffff,10,188.587,188.59,20.0,25.03504839,0,2,13.89,highway.tertiary,,networks/COeXISTENCE-PROJECT URB main networks/ingolstadt_custom2/ingolstadt_custom2.net.xml,1,59,59,1,1
ingolstadt_custom2,201238718#0,8a1f8d98bcc7fff,10,188.587,188.59,20.0,25.03504839,0,2,13.89,highway.tertiary,,networks/COeXISTENCE-PROJECT URB main networks/ingolstadt_custom2/ingolstadt_custom2.net.xml,1,59,59,1,1
ingolstadt_custom2,201238718#0,8a1f8d98bcf7fff,10,188.587,188.59,20.0,25.03504839,0,2,13.89,highway.tertiary,,networks/COeXISTENCE-PROJECT URB main networks/ingolstadt_custom2/ingolstadt_custom2.net.xml,1,59,59,1,1
ingolstadt_custom2,201238718#1,8a1f8d98bc1ffff,10,43.733,43.73,20.0,25.03504839,0,2,13.89,highway.tertiary,,networks/COeXISTENCE-PROJECT URB main networks/ingolstadt_custom2/ingolstadt_custom2.net.xml,1,59,59,1,1
ingolstadt_custom2,201238719#0,8a1f8d98a327fff,10,131.436,131.19,20.0,25.03504839,0,3,27.78,highway.secondary,,networks/COeXISTENCE-PROJECT URB main networks/ingolstadt_custom2/ingolstadt_custom2.net.xml,3,32,70,3,1
ingolstadt_custom2,201238719#0,8a1f8d98aa8ffff,10,131.436,131.19,20.0,25.03504839,0,3,27.78,highway.secondary,,networks/COeXISTENCE-PROJECT URB main networks/ingolstadt_custom2/ingolstadt_custom2.net.xml,3,32,70,3,1
ingolstadt_custom2,201238729#1,8a1f8d98aa9ffff,10,0.2,0.2,20.0,25.03504839,0,3,13.89,highway.primary,,networks/COeXISTENCE-PROJECT URB main networks/ingolstadt_custom2/ingolstadt_custom2.net.xml,2,59,62,2,1
ingolstadt_custom2,201238729#2,8a1f8d98aa9ffff,10,0.163,0.16,20.0,25.03504839,0,3,13.89,highway.primary,,networks/COeXISTENCE-PROJECT URB main networks/ingolstadt_custom2/ingolstadt_custom2.net.xml,2,59,62,2,1
ingolstadt_custom2,201238729#3,8a1f8d98a02ffff,10,431.06,431.02,20.0,25.03504839,0,3,13.89,highway.primary,,networks/COeXISTENCE-PROJECT URB main networks/ingolstadt_custom2/ingolstadt_custom2.net.xml,2,59,62,2,1
ingolstadt_custom2,201238729#3,8a1f8d98a067fff,10,431.06,431.02,20.0,25.03504839,0,3,13.89,highway.primary,,networks/COeXISTENCE-PROJECT URB main networks/ingolstadt_custom2/ingolstadt_custom2.net.xml,2,59,62,2,1
ingolstadt_custom2,201238729#3,8a1f8d98a15ffff,10,431.06,431.02,20.0,25.03504839,0,3,13.89,highway.primary,,networks/COeXISTENCE-PROJECT URB main networks/ingolstadt_custom2/ingolstadt_custom2.net.xml,2,59,62,2,1
ingolstadt_custom2,201238729#3,8a1f8d98aa97fff,10,431.06,431.02,20.0,25.03504839,0,3,13.89,highway.primary,,networks/COeXISTENCE-PROJECT URB main networks/ingolstadt_custom2/ingolstadt_custom2.net.xml,2,59,62,2,1
ingolstadt_custom2,201238729#3,8a1f8d98aa9ffff,10,431.06,431.02,20.0,25.03504839,0,3,13.89,highway.primary,,networks/COeXISTENCE-PROJECT URB main networks/ingolstadt_custom2/ingolstadt_custom2.net.xml,2,59,62,2,1
ingolstadt_custom2,201238730,8a1f8d98a327fff,10,6.033,6.04,20.0,25.03504839,0,3,13.89,highway.primary,,networks/COeXISTENCE-PROJECT URB main networks/ingolstadt_custom2/ingolstadt_custom2.net.xml,14,13,82,14,1
ingolstadt_custom2,201963537#1,8a1f8d98b48ffff,10,143.754,143.76,20.0,25.03504839,0,4,13.89,highway.secondary,,networks/COeXISTENCE-PROJECT URB main networks/ingolstadt_custom2/ingolstadt_custom2.net.xml,2,6,34,2,1
ingolstadt_custom2,201963537#1,8a1f8d98b4affff,10,143.754,143.76,20.0,25.03504839,0,4,13.89,highway.secondary,,networks/COeXISTENCE-PROJECT URB main networks/ingolstadt_custom2/ingolstadt_custom2.net.xml,2,6,34,2,1
ingolstadt_custom2,202092676#0,8a1f8d98b1a7fff,10,8.941,8.93,20.0,25.03504839,0,3,13.89,highway.primary_link,,networks/COeXISTENCE-PROJECT URB main networks/ingolstadt_custom2/ingolstadt_custom2.net.xml,12,13,82,12,1
ingolstadt_custom2,204588664#0,8a1f8d98a267fff,10,277.548,277.55,20.0,25.03504839,0,1,5.56,highway.track,,networks/COeXISTENCE-PROJECT URB main networks/ingolstadt_custom2/ingolstadt_custom2.net.xml,1,6,6,1,1
ingolstadt_custom2,204588664#0,8a1f8d98a26ffff,10,277.548,277.55,20.0,25.03504839,0,1,5.56,highway.track,,networks/COeXISTENCE-PROJECT URB main networks/ingolstadt_custom2/ingolstadt_custom2.net.xml,1,6,6,1,1
ingolstadt_custom2,204588664#0,8a1f8d98a35ffff,10,277.548,277.55,20.0,25.03504839,0,1,5.56,highway.track,,networks/COeXISTENCE-PROJECT URB main networks/ingolstadt_custom2/ingolstadt_custom2.net.xml,1,6,6,1,1
ingolstadt_custom2,224892339#0,8a1f8d98aa0ffff,10,148.362,148.36,20.0,25.03504839,0,2,13.89,highway.residential,,networks/COeXISTENCE-PROJECT URB main networks/ingolstadt_custom2/ingolstadt_custom2.net.xml,1,16,16,1,1
ingolstadt_custom2,224892339#0,8a1f8d98aa2ffff,10,148.362,148.36,20.0,25.03504839,0,2,13.89,highway.residential,,networks/COeXISTENCE-PROJECT URB main networks/ingolstadt_custom2/ingolstadt_custom2.net.xml,1,16,16,1,1
ingolstadt_custom2,22716069#0,8a1f8d98b5a7fff,10,78.68,78.69,20.0,25.03504839,0,2,13.89,highway.residential,,networks/COeXISTENCE-PROJECT URB main networks/ingolstadt_custom2/ingolstadt_custom2.net.xml,1,57,57,1,1
ingolstadt_custom2,22716069#0,8a1f8d98b5b7fff,10,78.68,78.69,20.0,25.03504839,0,2,13.89,highway.residential,,networks/COeXISTENCE-PROJECT URB main networks/ingolstadt_custom2/ingolstadt_custom2.net.xml,1,57,57,1,1
ingolstadt_custom2,23166741#0,8a1f8d98bc5ffff,10,55.941,55.93,20.0,25.03504839,0,3,13.89,highway.primary,,networks/COeXISTENCE-PROJECT URB main networks/ingolstadt_custom2/ingolstadt_custom2.net.xml,3,40,70,3,1
ingolstadt_custom2,23166741#2,8a1f8d98bc57fff,10,143.077,143.08,20.0,25.03504839,0,3,13.89,highway.primary,,networks/COeXISTENCE-PROJECT URB main networks/ingolstadt_custom2/ingolstadt_custom2.net.xml,2,62,70,2,1
ingolstadt_custom2,23166741#2,8a1f8d98bc5ffff,10,143.077,143.08,20.0,25.03504839,0,3,13.89,highway.primary,,networks/COeXISTENCE-PROJECT URB main networks/ingolstadt_custom2/ingolstadt_custom2.net.xml,2,62,70,2,1
ingolstadt_custom2,23166741#5,8a1f8d98bc07fff,10,170.248,170.18,20.0,25.03504839,0,3,13.89,highway.primary,,networks/COeXISTENCE-PROJECT URB main networks/ingolstadt_custom2/ingolstadt_custom2.net.xml,2,62,70,2,1
ingolstadt_custom2,23166741#5,8a1f8d98bc0ffff,10,170.248,170.18,20.0,25.03504839,0,3,13.89,highway.primary,,networks/COeXISTENCE-PROJECT URB main networks/ingolstadt_custom2/ingolstadt_custom2.net.xml,2,62,70,2,1
ingolstadt_custom2,233675413#4,8a1f8d98b5a7fff,10,46.636,46.63,20.0,25.03504839,0,2,13.89,highway.secondary,,networks/COeXISTENCE-PROJECT URB main networks/ingolstadt_custom2/ingolstadt_custom2.net.xml,1,6,6,1,1
ingolstadt_custom2,233675413#4,8a1f8d98b5affff,10,46.636,46.63,20.0,25.03504839,0,2,13.89,highway.secondary,,networks/COeXISTENCE-PROJECT URB main networks/ingolstadt_custom2/ingolstadt_custom2.net.xml,1,6,6,1,1
ingolstadt_custom2,24608844,8a1f8d98b017fff,10,167.501,167.5,20.0,25.03504839,0,2,8.33,highway.residential,,networks/COeXISTENCE-PROJECT URB main networks/ingolstadt_custom2/ingolstadt_custom2.net.xml,1,12,12,1,1
ingolstadt_custom2,24608844,8a1f8d98b037fff,10,167.501,167.5,20.0,25.03504839,0,2,8.33,highway.residential,,networks/COeXISTENCE-PROJECT URB main networks/ingolstadt_custom2/ingolstadt_custom2.net.xml,1,12,12,1,1
ingolstadt_custom2,24608844,8a1f8d98b0affff,10,167.501,167.5,20.0,25.03504839,0,2,8.33,highway.residential,,networks/COeXISTENCE-PROJECT URB main networks/ingolstadt_custom2/ingolstadt_custom2.net.xml,1,12,12,1,1
ingolstadt_custom2,24634413#0,8a1f8d98bc57fff,10,211.343,211.34,20.0,25.03504839,0,2,8.33,highway.residential,,networks/COeXISTENCE-PROJECT URB main networks/ingolstadt_custom2/ingolstadt_custom2.net.xml,1,78,78,1,1
ingolstadt_custom2,24634413#0,8a1f8d98bccffff,10,211.343,211.34,20.0,25.03504839,0,2,8.33,highway.residential,,networks/COeXISTENCE-PROJECT URB main networks/ingolstadt_custom2/ingolstadt_custom2.net.xml,1,78,78,1,1
ingolstadt_custom2,24634413#0,8a1f8d98bceffff,10,211.343,211.34,20.0,25.03504839,0,2,8.33,highway.residential,,networks/COeXISTENCE-PROJECT URB main networks/ingolstadt_custom2/ingolstadt_custom2.net.xml,1,78,78,1,1
ingolstadt_custom2,24634414#0,8a1f8d98bc5ffff,10,12.102,12.1,20.0,25.03504839,0,2,8.33,highway.residential,,networks/COeXISTENCE-PROJECT URB main networks/ingolstadt_custom2/ingolstadt_custom2.net.xml,1,40,40,1,1
ingolstadt_custom2,24634414#1,8a1f8d98b1b7fff,10,162.185,162.19,20.0,25.03504839,0,2,8.33,highway.residential,,networks/COeXISTENCE-PROJECT URB main networks/ingolstadt_custom2/ingolstadt_custom2.net.xml,2,26,40,2,1
ingolstadt_custom2,24634414#1,8a1f8d98bc5ffff,10,162.185,162.19,20.0,25.03504839,0,2,8.33,highway.residential,,networks/COeXISTENCE-PROJECT URB main networks/ingolstadt_custom2/ingolstadt_custom2.net.xml,2,26,40,2,1
ingolstadt_custom2,24634414#1,8a1f8d98bceffff,10,162.185,162.19,20.0,25.03504839,0,2,8.33,highway.residential,,networks/COeXISTENCE-PROJECT URB main networks/ingolstadt_custom2/ingolstadt_custom2.net.xml,2,26,40,2,1
ingolstadt_custom2,24634414#2,8a1f8d98b197fff,10,105.054,105.05,20.0,25.03504839,0,2,8.33,highway.residential,,networks/COeXISTENCE-PROJECT URB main networks/ingolstadt_custom2/ingolstadt_custom2.net.xml,1,26,26,1,1
ingolstadt_custom2,24634414#2,8a1f8d98b1b7fff,10,105.054,105.05,20.0,25.03504839,0,2,8.33,highway.residential,,networks/COeXISTENCE-PROJECT URB main networks/ingolstadt_custom2/ingolstadt_custom2.net.xml,1,26,26,1,1
ingolstadt_custom2,24634414#2,8a1f8d98bccffff,10,105.054,105.05,20.0,25.03504839,0,2,8.33,highway.residential,,networks/COeXISTENCE-PROJECT URB main networks/ingolstadt_custom2/ingolstadt_custom2.net.xml,1,26,26,1,1
ingolstadt_custom2,24634415,8a1f8d98b56ffff,10,62.037,62.03,20.0,25.03504839,0,2,13.89,highway.residential,,networks/COeXISTENCE-PROJECT URB main networks/ingolstadt_custom2/ingolstadt_custom2.net.xml,1,56,56,1,1
ingolstadt_custom2,24634416,8a1f8d98b197fff,10,139.754,139.76,20.0,25.03504839,0,2,13.89,highway.residential,,networks/COeXISTENCE-PROJECT URB main networks/ingolstadt_custom2/ingolstadt_custom2.net.xml,1,26,26,1,1
ingolstadt_custom2,24634416,8a1f8d98b19ffff,10,139.754,139.76,20.0,25.03504839,0,2,13.89,highway.residential,,networks/COeXISTENCE-PROJECT URB main networks/ingolstadt_custom2/ingolstadt_custom2.net.xml,1,26,26,1,1
ingolstadt_custom2,24634507,8a1f8d98b427fff,10,201.27,201.27,20.0,25.03504839,0,2,13.89,highway.residential,,networks/COeXISTENCE-PROJECT URB main networks/ingolstadt_custom2/ingolstadt_custom2.net.xml,1,59,59,1,1
ingolstadt_custom2,24634507,8a1f8d98b51ffff,10,201.27,201.27,20.0,25.03504839,0,2,13.89,highway.residential,,networks/COeXISTENCE-PROJECT URB main networks/ingolstadt_custom2/ingolstadt_custom2.net.xml,1,59,59,1,1
ingolstadt_custom2,24634507,8a1f8d98b557fff,10,201.27,201.27,20.0,25.03504839,0,2,13.89,highway.residential,,networks/COeXISTENCE-PROJECT URB main networks/ingolstadt_custom2/ingolstadt_custom2.net.xml,1,59,59,1,1
ingolstadt_custom2,24634508,8a1f8d98b557fff,10,154.512,154.51,20.0,25.03504839,0,2,13.89,highway.residential,,networks/COeXISTENCE-PROJECT URB main networks/ingolstadt_custom2/ingolstadt_custom2.net.xml,1,59,59,1,1
ingolstadt_custom2,24634508,8a1f8d98b577fff,10,154.512,154.51,20.0,25.03504839,0,2,13.89,highway.residential,,networks/COeXISTENCE-PROJECT URB main networks/ingolstadt_custom2/ingolstadt_custom2.net.xml,1,59,59,1,1
ingolstadt_custom2,24634510#0,8a1f8d98bc87fff,10,167.006,167.01,20.0,25.03504839,0,2,13.89,highway.unclassified,,networks/COeXISTENCE-PROJECT URB main networks/ingolstadt_custom2/ingolstadt_custom2.net.xml,1,6,6,1,1
ingolstadt_custom2,24634510#0,8a1f8d98bc8ffff,10,167.006,167.01,20.0,25.03504839,0,2,13.89,highway.unclassified,,networks/COeXISTENCE-PROJECT URB main networks/ingolstadt_custom2/ingolstadt_custom2.net.xml,1,6,6,1,1
ingolstadt_custom2,24634510#1,8a1f8d98a34ffff,10,236.231,236.23,20.0,25.03504839,0,2,13.89,highway.unclassified,,networks/COeXISTENCE-PROJECT URB main networks/ingolstadt_custom2/ingolstadt_custom2.net.xml,1,6,6,1,1
ingolstadt_custom2,24634510#1,8a1f8d98bc87fff,10,236.231,236.23,20.0,25.03504839,0,2,13.89,highway.unclassified,,networks/COeXISTENCE-PROJECT URB main networks/ingolstadt_custom2/ingolstadt_custom2.net.xml,1,6,6,1,1
ingolstadt_custom2,24634510#1,8a1f8d98bc97fff,10,236.231,236.23,20.0,25.03504839,0,2,13.89,highway.unclassified,,networks/COeXISTENCE-PROJECT URB main networks/ingolstadt_custom2/ingolstadt_custom2.net.xml,1,6,6,1,1
ingolstadt_custom2,24634510#6,8a1f8d98a347fff,10,76.637,76.64,20.0,25.03504839,0,2,13.89,highway.unclassified,,networks/COeXISTENCE-PROJECT URB main networks/ingolstadt_custom2/ingolstadt_custom2.net.xml,1,6,6,1,1
ingolstadt_custom2,24634510#6,8a1f8d98a34ffff,10,76.637,76.64,20.0,25.03504839,0,2,13.89,highway.unclassified,,networks/COeXISTENCE-PROJECT URB main networks/ingolstadt_custom2/ingolstadt_custom2.net.xml,1,6,6,1,1
ingolstadt_custom2,24634517#1,8a1f8d98a217fff,10,123.8,123.8,20.0,25.03504839,0,2,13.89,highway.residential,,networks/COeXISTENCE-PROJECT URB main networks/ingolstadt_custom2/ingolstadt_custom2.net.xml,1,57,57,1,1
ingolstadt_custom2,24634517#1,8a1f8d98a237fff,10,123.8,123.8,20.0,25.03504839,0,2,13.89,highway.residential,,networks/COeXISTENCE-PROJECT URB main networks/ingolstadt_custom2/ingolstadt_custom2.net.xml,1,57,57,1,1
ingolstadt_custom2,24634517#1,8a1f8d98a38ffff,10,123.8,123.8,20.0,25.03504839,0,2,13.89,highway.residential,,networks/COeXISTENCE-PROJECT URB main networks/ingolstadt_custom2/ingolstadt_custom2.net.xml,1,57,57,1,1
ingolstadt_custom2,24634517#13,8a1f8d98a20ffff,10,111.626,111.62,20.0,25.03504839,0,2,13.89,highway.residential,,networks/COeXISTENCE-PROJECT URB main networks/ingolstadt_custom2/ingolstadt_custom2.net.xml,1,57,57,1,1
ingolstadt_custom2,24634517#13,8a1f8d98a277fff,10,111.626,111.62,20.0,25.03504839,0,2,13.89,highway.residential,,networks/COeXISTENCE-PROJECT URB main networks/ingolstadt_custom2/ingolstadt_custom2.net.xml,1,57,57,1,1
ingolstadt_custom2,24634517#4,8a1f8d98a237fff,10,35.522,35.52,20.0,25.03504839,0,2,13.89,highway.residential,,networks/COeXISTENCE-PROJECT URB main networks/ingolstadt_custom2/ingolstadt_custom2.net.xml,1,57,57,1,1
ingolstadt_custom2,24634517#6,8a1f8d98a207fff,10,66.225,66.23,20.0,25.03504839,0,2,13.89,highway.residential,,networks/COeXISTENCE-PROJECT URB main networks/ingolstadt_custom2/ingolstadt_custom2.net.xml,1,57,57,1,1
ingolstadt_custom2,24634517#6,8a1f8d98a237fff,10,66.225,66.23,20.0,25.03504839,0,2,13.89,highway.residential,,networks/COeXISTENCE-PROJECT URB main networks/ingolstadt_custom2/ingolstadt_custom2.net.xml,1,57,57,1,1
ingolstadt_custom2,24634517#8,8a1f8d98a207fff,10,18.251,18.25,20.0,25.03504839,0,2,13.89,highway.residential,,networks/COeXISTENCE-PROJECT URB main networks/ingolstadt_custom2/ingolstadt_custom2.net.xml,1,57,57,1,1
ingolstadt_custom2,24634517#9,8a1f8d98a207fff,10,74.669,74.67,20.0,25.03504839,0,2,13.89,highway.residential,,networks/COeXISTENCE-PROJECT URB main networks/ingolstadt_custom2/ingolstadt_custom2.net.xml,1,57,57,1,1
ingolstadt_custom2,24634517#9,8a1f8d98a20ffff,10,74.669,74.67,20.0,25.03504839,0,2,13.89,highway.residential,,networks/COeXISTENCE-PROJECT URB main networks/ingolstadt_custom2/ingolstadt_custom2.net.xml,1,57,57,1,1
ingolstadt_custom2,24634517#9,8a1f8d98a22ffff,10,74.669,74.67,20.0,25.03504839,0,2,13.89,highway.residential,,networks/COeXISTENCE-PROJECT URB main networks/ingolstadt_custom2/ingolstadt_custom2.net.xml,1,57,57,1,1
ingolstadt_custom2,24693977#0,8a1f8d98b557fff,10,8.349,8.35,20.0,25.03504839,0,2,13.89,highway.tertiary,,networks/COeXISTENCE-PROJECT URB main networks/ingolstadt_custom2/ingolstadt_custom2.net.xml,1,59,59,1,1
ingolstadt_custom2,24693977#0,8a1f8d98b55ffff,10,8.349,8.35,20.0,25.03504839,0,2,13.89,highway.tertiary,,networks/COeXISTENCE-PROJECT URB main networks/ingolstadt_custom2/ingolstadt_custom2.net.xml,1,59,59,1,1
ingolstadt_custom2,24693977#1,8a1f8d98b547fff,10,91.105,91.1,20.0,25.03504839,0,2,13.89,highway.tertiary,,networks/COeXISTENCE-PROJECT URB main networks/ingolstadt_custom2/ingolstadt_custom2.net.xml,1,59,59,1,1
ingolstadt_custom2,24693977#1,8a1f8d98b557fff,10,91.105,91.1,20.0,25.03504839,0,2,13.89,highway.tertiary,,networks/COeXISTENCE-PROJECT URB main networks/ingolstadt_custom2/ingolstadt_custom2.net.xml,1,59,59,1,1
ingolstadt_custom2,25145014#0,8a1f8d98a2cffff,10,123.169,123.17,20.0,25.03504839,0,2,13.89,highway.residential,,networks/COeXISTENCE-PROJECT URB main networks/ingolstadt_custom2/ingolstadt_custom2.net.xml,3,6,57,3,1
ingolstadt_custom2,25145014#0,8a1f8d98b5b7fff,10,123.169,123.17,20.0,25.03504839,0,2,13.89,highway.residential,,networks/COeXISTENCE-PROJECT URB main networks/ingolstadt_custom2/ingolstadt_custom2.net.xml,3,6,57,3,1
ingolstadt_custom2,25145014#1,8a1f8d98a2c7fff,10,86.362,86.36,20.0,25.03504839,0,2,13.89,highway.residential,,networks/COeXISTENCE-PROJECT URB main networks/ingolstadt_custom2/ingolstadt_custom2.net.xml,3,6,57,3,1
ingolstadt_custom2,25145014#1,8a1f8d98a2cffff,10,86.362,86.36,20.0,25.03504839,0,2,13.89,highway.residential,,networks/COeXISTENCE-PROJECT URB main networks/ingolstadt_custom2/ingolstadt_custom2.net.xml,3,6,57,3,1
ingolstadt_custom2,25187891,8a1f8d98a2c7fff,10,76.186,76.19,20.0,25.03504839,0,2,13.89,highway.residential,,networks/COeXISTENCE-PROJECT URB main networks/ingolstadt_custom2/ingolstadt_custom2.net.xml,3,6,57,3,1
ingolstadt_custom2,25187891,8a1f8d98a2effff,10,76.186,76.19,20.0,25.03504839,0,2,13.89,highway.residential,,networks/COeXISTENCE-PROJECT URB main networks/ingolstadt_custom2/ingolstadt_custom2.net.xml,3,6,57,3,1
ingolstadt_custom2,266565295#5,8a1f8d98b01ffff,10,173.709,173.69,20.0,25.03504839,0,3,13.89,highway.secondary,,networks/COeXISTENCE-PROJECT URB main networks/ingolstadt_custom2/ingolstadt_custom2.net.xml,2,56,59,2,1
ingolstadt_custom2,266565295#5,8a1f8d98b0affff,10,173.709,173.69,20.0,25.03504839,0,3,13.89,highway.secondary,,networks/COeXISTENCE-PROJECT URB main networks/ingolstadt_custom2/ingolstadt_custom2.net.xml,2,56,59,2,1
ingolstadt_custom2,26677416#3,8a1f8d98b997fff,10,89.29,89.29,20.0,25.03504839,0,2,8.33,highway.residential,,networks/COeXISTENCE-PROJECT URB main networks/ingolstadt_custom2/ingolstadt_custom2.net.xml,1,73,73,1,1
ingolstadt_custom2,26677416#3,8a1f8d98b99ffff,10,89.29,89.29,20.0,25.03504839,0,2,8.33,highway.residential,,networks/COeXISTENCE-PROJECT URB main networks/ingolstadt_custom2/ingolstadt_custom2.net.xml,1,73,73,1,1
ingolstadt_custom2,26677416#4,8a1f8d98b8b7fff,10,94.482,94.48,20.0,25.03504839,0,2,8.33,highway.residential,,networks/COeXISTENCE-PROJECT URB main networks/ingolstadt_custom2/ingolstadt_custom2.net.xml,1,73,73,1,1
ingolstadt_custom2,26677416#4,8a1f8d98b99ffff,10,94.482,94.48,20.0,25.03504839,0,2,8.33,highway.residential,,networks/COeXISTENCE-PROJECT URB main networks/ingolstadt_custom2/ingolstadt_custom2.net.xml,1,73,73,1,1
ingolstadt_custom2,26677540#0,8a1f8d98b997fff,10,35.409,35.41,20.0,25.03504839,0,2,8.33,highway.residential,,networks/COeXISTENCE-PROJECT URB main networks/ingolstadt_custom2/ingolstadt_custom2.net.xml,1,73,73,1,1
ingolstadt_custom2,272042143,8a1f8d98b117fff,10,206.122,206.13,20.0,25.03504839,0,2,13.89,highway.primary.tunnel,,networks/COeXISTENCE-PROJECT URB main networks/ingolstadt_custom2/ingolstadt_custom2.net.xml,2,40,62,2,1
ingolstadt_custom2,272042143,8a1f8d98b1a7fff,10,206.122,206.13,20.0,25.03504839,0,2,13.89,highway.primary.tunnel,,networks/COeXISTENCE-PROJECT URB main networks/ingolstadt_custom2/ingolstadt_custom2.net.xml,2,40,62,2,1
ingolstadt_custom2,272042143,8a1f8d98b1affff,10,206.122,206.13,20.0,25.03504839,0,2,13.89,highway.primary.tunnel,,networks/COeXISTENCE-PROJECT URB main networks/ingolstadt_custom2/ingolstadt_custom2.net.xml,2,40,62,2,1
ingolstadt_custom2,272042143,8a1f8d98bc5ffff,10,206.122,206.13,20.0,25.03504839,0,2,13.89,highway.primary.tunnel,,networks/COeXISTENCE-PROJECT URB main networks/ingolstadt_custom2/ingolstadt_custom2.net.xml,2,40,62,2,1
ingolstadt_custom2,286646456#1,8a1f8d98aa2ffff,10,77.749,77.75,20.0,25.03504839,0,2,22.22,highway.tertiary,,networks/COeXISTENCE-PROJECT URB main networks/ingolstadt_custom2/ingolstadt_custom2.net.xml,1,61,61,1,1
ingolstadt_custom2,306240162#0,8a1f8d98ab17fff,10,220.426,220.43,20.0,25.03504839,0,1,16.67,highway.secondary,,networks/COeXISTENCE-PROJECT URB main networks/ingolstadt_custom2/ingolstadt_custom2.net.xml,1,70,70,1,1
ingolstadt_custom2,306240162#0,8a1f8d98ab37fff,10,220.426,220.43,20.0,25.03504839,0,1,16.67,highway.secondary,,networks/COeXISTENCE-PROJECT URB main networks/ingolstadt_custom2/ingolstadt_custom2.net.xml,1,70,70,1,1
ingolstadt_custom2,306240162#0,8a1f8d98abaffff,10,220.426,220.43,20.0,25.03504839,0,1,16.67,highway.secondary,,networks/COeXISTENCE-PROJECT URB main networks/ingolstadt_custom2/ingolstadt_custom2.net.xml,1,70,70,1,1
ingolstadt_custom2,315358242#0,8a1f8d98b887fff,10,165.351,165.37,20.0,25.03504839,0,3,13.89,highway.tertiary,,networks/COeXISTENCE-PROJECT URB main networks/ingolstadt_custom2/ingolstadt_custom2.net.xml,4,12,70,4,1
ingolstadt_custom2,315358242#0,8a1f8d98b89ffff,10,165.351,165.37,20.0,25.03504839,0,3,13.89,highway.tertiary,,networks/COeXISTENCE-PROJECT URB main networks/ingolstadt_custom2/ingolstadt_custom2.net.xml,4,12,70,4,1
ingolstadt_custom2,315358242#1,8a1f8d98b137fff,10,93.348,93.35,20.0,25.03504839,0,3,13.89,highway.tertiary,,networks/COeXISTENCE-PROJECT URB main networks/ingolstadt_custom2/ingolstadt_custom2.net.xml,4,12,70,4,1
ingolstadt_custom2,315358242#1,8a1f8d98b89ffff,10,93.348,93.35,20.0,25.03504839,0,3,13.89,highway.tertiary,,networks/COeXISTENCE-PROJECT URB main networks/ingolstadt_custom2/ingolstadt_custom2.net.xml,4,12,70,4,1
ingolstadt_custom2,315358242#2,8a1f8d98b137fff,10,28.555,28.57,20.0,25.03504839,0,3,13.89,highway.tertiary,,networks/COeXISTENCE-PROJECT URB main networks/ingolstadt_custom2/ingolstadt_custom2.net.xml,4,12,70,4,1
ingolstadt_custom2,315358242#3,8a1f8d98b117fff,10,126.539,126.57,20.0,25.03504839,0,3,13.89,highway.tertiary,,networks/COeXISTENCE-PROJECT URB main networks/ingolstadt_custom2/ingolstadt_custom2.net.xml,4,12,70,4,1
ingolstadt_custom2,315358242#3,8a1f8d98b137fff,10,126.539,126.57,20.0,25.03504839,0,3,13.89,highway.tertiary,,networks/COeXISTENCE-PROJECT URB main networks/ingolstadt_custom2/ingolstadt_custom2.net.xml,4,12,70,4,1
ingolstadt_custom2,315358242#3,8a1f8d98bc4ffff,10,126.539,126.57,20.0,25.03504839,0,3,13.89,highway.tertiary,,networks/COeXISTENCE-PROJECT URB main networks/ingolstadt_custom2/ingolstadt_custom2.net.xml,4,12,70,4,1
ingolstadt_custom2,315358244,8a1f8d988647fff,10,33.944,33.95,20.0,25.03504839,0,4,13.89,highway.tertiary,,networks/COeXISTENCE-PROJECT URB main networks/ingolstadt_custom2/ingolstadt_custom2.net.xml,4,6,81,4,1
ingolstadt_custom2,315358244,8a1f8d98864ffff,10,33.944,33.95,20.0,25.03504839,0,4,13.89,highway.tertiary,,networks/COeXISTENCE-PROJECT URB main networks/ingolstadt_custom2/ingolstadt_custom2.net.xml,4,6,81,4,1
ingolstadt_custom2,315358244,8a1f8d98866ffff,10,33.944,33.95,20.0,25.03504839,0,4,13.89,highway.tertiary,,networks/COeXISTENCE-PROJECT URB main networks/ingolstadt_custom2/ingolstadt_custom2.net.xml,4,6,81,4,1
ingolstadt_custom2,315358246,8a1f8d98b987fff,10,99.504,99.5,20.0,25.03504839,0,4,13.89,highway.tertiary,,networks/COeXISTENCE-PROJECT URB main networks/ingolstadt_custom2/ingolstadt_custom2.net.xml,4,12,81,4,1
ingolstadt_custom2,315358246,8a1f8d98b9a7fff,10,99.504,99.5,20.0,25.03504839,0,4,13.89,highway.tertiary,,networks/COeXISTENCE-PROJECT URB main networks/ingolstadt_custom2/ingolstadt_custom2.net.xml,4,12,81,4,1
ingolstadt_custom2,315358250#0,8a1f8d98864ffff,10,12.631,12.63,20.0,25.03504839,0,4,13.89,highway.tertiary,,networks/COeXISTENCE-PROJECT URB main networks/ingolstadt_custom2/ingolstadt_custom2.net.xml,2,12,81,2,1
ingolstadt_custom2,315358250#1,8a1f8d98864ffff,10,4.737,4.74,20.0,25.03504839,0,4,13.89,highway.tertiary,,networks/COeXISTENCE-PROJECT URB main networks/ingolstadt_custom2/ingolstadt_custom2.net.xml,2,12,81,2,1
ingolstadt_custom2,315358251#1,8a1f8d98b1a7fff,10,0.2,0.2,20.0,25.03504839,0,4,13.89,highway.tertiary,,networks/COeXISTENCE-PROJECT URB main networks/ingolstadt_custom2/ingolstadt_custom2.net.xml,4,12,70,4,1
ingolstadt_custom2,315358252#0,8a1f8d98b8a7fff,10,123.299,123.3,20.0,25.03504839,0,4,13.89,highway.tertiary,,networks/COeXISTENCE-PROJECT URB main networks/ingolstadt_custom2/ingolstadt_custom2.net.xml,4,12,81,4,1
ingolstadt_custom2,315358252#0,8a1f8d98b987fff,10,123.299,123.3,20.0,25.03504839,0,4,13.89,highway.tertiary,,networks/COeXISTENCE-PROJECT URB main networks/ingolstadt_custom2/ingolstadt_custom2.net.xml,4,12,81,4,1
ingolstadt_custom2,315358252#0,8a1f8d98b98ffff,10,123.299,123.3,20.0,25.03504839,0,4,13.89,highway.tertiary,,networks/COeXISTENCE-PROJECT URB main networks/ingolstadt_custom2/ingolstadt_custom2.net.xml,4,12,81,4,1
ingolstadt_custom2,315358252#0,8a1f8d98b99ffff,10,123.299,123.3,20.0,25.03504839,0,4,13.89,highway.tertiary,,networks/COeXISTENCE-PROJECT URB main networks/ingolstadt_custom2/ingolstadt_custom2.net.xml,4,12,81,4,1
ingolstadt_custom2,315358253#1,8a1f8d98b19ffff,10,57.839,57.84,20.0,25.03504839,0,2,13.89,highway.tertiary,,networks/COeXISTENCE-PROJECT URB main networks/ingolstadt_custom2/ingolstadt_custom2.net.xml,1,26,26,1,1
ingolstadt_custom2,315358253#2,8a1f8d98b0b7fff,10,26.852,26.81,20.0,25.03504839,0,3,13.89,highway.tertiary,,networks/COeXISTENCE-PROJECT URB main networks/ingolstadt_custom2/ingolstadt_custom2.net.xml,1,26,26,1,1
ingolstadt_custom2,315358253#2,8a1f8d98b56ffff,10,26.852,26.81,20.0,25.03504839,0,3,13.89,highway.tertiary,,networks/COeXISTENCE-PROJECT URB main networks/ingolstadt_custom2/ingolstadt_custom2.net.xml,1,26,26,1,1
ingolstadt_custom2,315358255#0,8a1f8d98ab4ffff,10,199.849,199.73,20.0,25.03504839,0,3,22.22,highway.tertiary,,networks/COeXISTENCE-PROJECT URB main networks/ingolstadt_custom2/ingolstadt_custom2.net.xml,2,16,61,2,1
ingolstadt_custom2,315358255#0,8a1f8d98ab5ffff,10,199.849,199.73,20.0,25.03504839,0,3,22.22,highway.tertiary,,networks/COeXISTENCE-PROJECT URB main networks/ingolstadt_custom2/ingolstadt_custom2.net.xml,2,16,61,2,1
ingolstadt_custom2,315358257#0,8a1f8d988697fff,10,32.676,32.68,20.0,25.03504839,0,2,13.89,highway.tertiary,,networks/COeXISTENCE-PROJECT URB main networks/ingolstadt_custom2/ingolstadt_custom2.net.xml,1,83,83,1,1
ingolstadt_custom2,315358257#0,8a1f8d98ab4ffff,10,32.676,32.68,20.0,25.03504839,0,2,13.89,highway.tertiary,,networks/COeXISTENCE-PROJECT URB main networks/ingolstadt_custom2/ingolstadt_custom2.net.xml,1,83,83,1,1
ingolstadt_custom2,315358257#0.43,8a1f8d98ab4ffff,10,50.79,50.8,20.0,25.03504839,0,3,13.89,highway.tertiary,,networks/COeXISTENCE-PROJECT URB main networks/ingolstadt_custom2/ingolstadt_custom2.net.xml,1,83,83,1,1
ingolstadt_custom2,315392062#0,8a1f8d98b577fff,10,253.278,253.28,20.0,25.03504839,0,2,13.89,highway.tertiary,,networks/COeXISTENCE-PROJECT URB main networks/ingolstadt_custom2/ingolstadt_custom2.net.xml,1,59,59,1,1
ingolstadt_custom2,315392062#0,8a1f8d98bcc7fff,10,253.278,253.28,20.0,25.03504839,0,2,13.89,highway.tertiary,,networks/COeXISTENCE-PROJECT URB main networks/ingolstadt_custom2/ingolstadt_custom2.net.xml,1,59,59,1,1
ingolstadt_custom2,315392062#0,8a1f8d98bcdffff,10,253.278,253.28,20.0,25.03504839,0,2,13.89,highway.tertiary,,networks/COeXISTENCE-PROJECT URB main networks/ingolstadt_custom2/ingolstadt_custom2.net.xml,1,59,59,1,1
ingolstadt_custom2,32124634,8a1f8d98b0affff,10,0.1,0.1,20.0,25.03504839,0,2,8.33,highway.residential,,networks/COeXISTENCE-PROJECT URB main networks/ingolstadt_custom2/ingolstadt_custom2.net.xml,1,12,12,1,1
ingolstadt_custom2,32124637#0,8a1f8d98b0affff,10,0.2,0.2,20.0,25.03504839,0,4,13.89,highway.secondary,,networks/COeXISTENCE-PROJECT URB main networks/ingolstadt_custom2/ingolstadt_custom2.net.xml,2,56,59,2,1
ingolstadt_custom2,32124637#1,8a1f8d98b0a7fff,10,26.839,26.84,20.0,25.03504839,0,4,13.89,highway.secondary,,networks/COeXISTENCE-PROJECT URB main networks/ingolstadt_custom2/ingolstadt_custom2.net.xml,3,12,59,3,1
ingolstadt_custom2,32124637#1,8a1f8d98b0affff,10,26.839,26.84,20.0,25.03504839,0,4,13.89,highway.secondary,,networks/COeXISTENCE-PROJECT URB main networks/ingolstadt_custom2/ingolstadt_custom2.net.xml,3,12,59,3,1
ingolstadt_custom2,32978638#0,8a1f8d98b087fff,10,49.293,49.29,20.0,25.03504839,0,3,13.89,highway.tertiary,,networks/COeXISTENCE-PROJECT URB main networks/ingolstadt_custom2/ingolstadt_custom2.net.xml,3,12,82,3,1
ingolstadt_custom2,32978638#0,8a1f8d98b09ffff,10,49.293,49.29,20.0,25.03504839,0,3,13.89,highway.tertiary,,networks/COeXISTENCE-PROJECT URB main networks/ingolstadt_custom2/ingolstadt_custom2.net.xml,3,12,82,3,1
ingolstadt_custom2,32999110#0,8a1f8d98b0b7fff,10,115.997,115.99,20.0,25.03504839,0,4,13.89,highway.secondary,,networks/COeXISTENCE-PROJECT URB main networks/ingolstadt_custom2/ingolstadt_custom2.net.xml,3,32,82,3,1
ingolstadt_custom2,32999110#0,8a1f8d98b547fff,10,115.997,115.99,20.0,25.03504839,0,4,13.89,highway.secondary,,networks/COeXISTENCE-PROJECT URB main networks/ingolstadt_custom2/ingolstadt_custom2.net.xml,3,32,82,3,1
ingolstadt_custom2,32999110#0,8a1f8d98b56ffff,10,115.997,115.99,20.0,25.03504839,0,4,13.89,highway.secondary,,networks/COeXISTENCE-PROJECT URB main networks/ingolstadt_custom2/ingolstadt_custom2.net.xml,3,32,82,3,1
ingolstadt_custom2,32999434#0,8a1f8d98b547fff,10,112.95,112.89,20.0,25.03504839,0,3,13.89,highway.secondary,,networks/COeXISTENCE-PROJECT URB main networks/ingolstadt_custom2/ingolstadt_custom2.net.xml,1,59,59,1,1
ingolstadt_custom2,32999434#0,8a1f8d98b55ffff,10,112.95,112.89,20.0,25.03504839,0,3,13.89,highway.secondary,,networks/COeXISTENCE-PROJECT URB main networks/ingolstadt_custom2/ingolstadt_custom2.net.xml,1,59,59,1,1
ingolstadt_custom2,32999435,8a1f8d98b0affff,10,7.385,28.14,20.0,25.03504839,0,4,13.89,highway.secondary,,networks/COeXISTENCE-PROJECT URB main networks/ingolstadt_custom2/ingolstadt_custom2.net.xml,2,56,59,2,1
ingolstadt_custom2,379897806,8a1f8d98864ffff,10,20.399,20.4,20.0,25.03504839,0,4,13.89,highway.tertiary,,networks/COeXISTENCE-PROJECT URB main networks/ingolstadt_custom2/ingolstadt_custom2.net.xml,1,81,81,1,1
ingolstadt_custom2,379897807,8a1f8d98864ffff,10,16.892,16.89,20.0,25.03504839,0,2,5.56,highway.service,,networks/COeXISTENCE-PROJECT URB main networks/ingolstadt_custom2/ingolstadt_custom2.net.xml,3,6,31,3,1
ingolstadt_custom2,386687235,8a1f8d98b1a7fff,10,80.844,80.84,20.0,25.03504839,0,3,13.89,highway.primary_link,,networks/COeXISTENCE-PROJECT URB main networks/ingolstadt_custom2/ingolstadt_custom2.net.xml,15,12,82,15,1
ingolstadt_custom2,386687235,8a1f8d98b1affff,10,80.844,80.84,20.0,25.03504839,0,3,13.89,highway.primary_link,,networks/COeXISTENCE-PROJECT URB main networks/ingolstadt_custom2/ingolstadt_custom2.net.xml,15,12,82,15,1
ingolstadt_custom2,386687239#0,8a1f8d98bc5ffff,10,32.443,32.44,20.0,25.03504839,0,3,13.89,highway.primary_link,,networks/COeXISTENCE-PROJECT URB main networks/ingolstadt_custom2/ingolstadt_custom2.net.xml,10,13,82,10,1
ingolstadt_custom2,386687239#1,8a1f8d98b1a7fff,10,51.0,51.0,20.0,25.03504839,0,3,13.89,highway.primary_link,,networks/COeXISTENCE-PROJECT URB main networks/ingolstadt_custom2/ingolstadt_custom2.net.xml,12,13,82,12,1
ingolstadt_custom2,386687242,8a1f8d98b1a7fff,10,91.403,91.41,20.0,25.03504839,0,3,13.89,highway.primary_link,,networks/COeXISTENCE-PROJECT URB main networks/ingolstadt_custom2/ingolstadt_custom2.net.xml,1,70,70,1,1
ingolstadt_custom2,386687242,8a1f8d98bc4ffff,10,91.403,91.41,20.0,25.03504839,0,3,13.89,highway.primary_link,,networks/COeXISTENCE-PROJECT URB main networks/ingolstadt_custom2/ingolstadt_custom2.net.xml,1,70,70,1,1
ingolstadt_custom2,399835085#0,8a1f8d98ab4ffff,10,35.3,35.3,20.0,25.03504839,0,2,8.33,highway.service,,networks/COeXISTENCE-PROJECT URB main networks/ingolstadt_custom2/ingolstadt_custom2.net.xml,3,16,83,3,1
ingolstadt_custom2,399835085#0,8a1f8d98ab6ffff,10,35.3,35.3,20.0,25.03504839,0,2,8.33,highway.service,,networks/COeXISTENCE-PROJECT URB main networks/ingolstadt_custom2/ingolstadt_custom2.net.xml,3,16,83,3,1
ingolstadt_custom2,399835085#1,8a1f8d9884cffff,10,212.23,212.23,20.0,25.03504839,0,2,8.33,highway.service,,networks/COeXISTENCE-PROJECT URB main networks/ingolstadt_custom2/ingolstadt_custom2.net.xml,3,16,83,3,1
ingolstadt_custom2,399835085#1,8a1f8d98ab67fff,10,212.23,212.23,20.0,25.03504839,0,2,8.33,highway.service,,networks/COeXISTENCE-PROJECT URB main networks/ingolstadt_custom2/ingolstadt_custom2.net.xml,3,16,83,3,1
ingolstadt_custom2,399835085#1,8a1f8d98ab6ffff,10,212.23,212.23,20.0,25.03504839,0,2,8.33,highway.service,,networks/COeXISTENCE-PROJECT URB main networks/ingolstadt_custom2/ingolstadt_custom2.net.xml,3,16,83,3,1
ingolstadt_custom2,402600768#0,8a1f8d98b0b7fff,10,5.481,5.48,20.0,25.03504839,0,3,13.89,highway.secondary,,networks/COeXISTENCE-PROJECT URB main networks/ingolstadt_custom2/ingolstadt_custom2.net.xml,4,26,82,4,1
ingolstadt_custom2,402600768#1,8a1f8d98b0b7fff,10,56.859,56.86,20.0,25.03504839,0,3,13.89,highway.secondary,,networks/COeXISTENCE-PROJECT URB main networks/ingolstadt_custom2/ingolstadt_custom2.net.xml,4,26,82,4,1
ingolstadt_custom2,447569997#0,8a1f8d98b8a7fff,10,1.822,1.82,20.0,25.03504839,0,3,8.33,highway.residential,,networks/COeXISTENCE-PROJECT URB main networks/ingolstadt_custom2/ingolstadt_custom2.net.xml,1,81,81,1,1
ingolstadt_custom2,447569997#1,8a1f8d98b8a7fff,10,180.935,180.93,20.0,25.03504839,0,3,8.33,highway.residential,,networks/COeXISTENCE-PROJECT URB main networks/ingolstadt_custom2/ingolstadt_custom2.net.xml,1,81,81,1,1
ingolstadt_custom2,447569997#1,8a1f8d98b8affff,10,180.935,180.93,20.0,25.03504839,0,3,8.33,highway.residential,,networks/COeXISTENCE-PROJECT URB main networks/ingolstadt_custom2/ingolstadt_custom2.net.xml,1,81,81,1,1
ingolstadt_custom2,51857516#1,8a1f8d98b0affff,10,67.094,67.0,20.0,25.03504839,0,3,13.89,highway.secondary,,networks/COeXISTENCE-PROJECT URB main networks/ingolstadt_custom2/ingolstadt_custom2.net.xml,2,32,59,2,1
ingolstadt_custom2,51857517#0,8a1f8d98b0b7fff,10,29.7,29.7,20.0,25.03504839,0,3,13.89,highway.secondary,,networks/COeXISTENCE-PROJECT URB main networks/ingolstadt_custom2/ingolstadt_custom2.net.xml,4,26,82,4,1
ingolstadt_custom2,51857517#0.33,8a1f8d98b087fff,10,37.361,37.37,20.0,25.03504839,0,5,13.89,highway.secondary,,networks/COeXISTENCE-PROJECT URB main networks/ingolstadt_custom2/ingolstadt_custom2.net.xml,4,26,82,4,1
ingolstadt_custom2,51857517#0.33,8a1f8d98b0b7fff,10,37.361,37.37,20.0,25.03504839,0,5,13.89,highway.secondary,,networks/COeXISTENCE-PROJECT URB main networks/ingolstadt_custom2/ingolstadt_custom2.net.xml,4,26,82,4,1
ingolstadt_custom2,51857517#1,8a1f8d98b087fff,10,15.855,15.84,20.0,25.03504839,0,5,13.89,highway.secondary,,networks/COeXISTENCE-PROJECT URB main networks/ingolstadt_custom2/ingolstadt_custom2.net.xml,4,26,82,4,1
ingolstadt_custom2,51857518#1,8a1f8d98b087fff,10,55.673,55.7,20.0,25.03504839,0,3,13.89,highway.tertiary,,networks/COeXISTENCE-PROJECT URB main networks/ingolstadt_custom2/ingolstadt_custom2.net.xml,3,12,82,3,1
